EmployeeID,FirstName,LastName,Email,HireDate,PhoneNumber,CurrentStatus,ManagerID,DepartmentID,RoleID
1,Marybelle,Gorelli,mgorelli0@unesco.org,2020-09-11,+58 190 199 1285,Active,2,9,5
2,Audry,Ivanichev,aivanichev1@yahoo.co.jp,2020-03-12,+377 772 433 3161,Active,8,7,2
3,Druci,Yuryaev,dyuryaev2@java.com,2020-01-19,+7 819 951 2069,Not Active,8,6,8
4,Phillie,Mannion,pmannion3@shop-pro.jp,2020-10-17,+86 470 938 0548,Active,5,5,8
5,Carly,O'Lehane,colehane4@msn.com,2020-08-02,+46 840 305 6418,Active,6,1,8
6,Rocky,Clemo,rclemo5@barnesandnoble.com,2022-09-30,+255 881 671 7328,Active,2,7,8
7,Shay,Ubsdall,subsdall6@skyrock.com,2020-11-02,+86 321 836 2167,Not Active,5,6,3
8,Fawn,Beilby,fbeilby7@statcounter.com,2022-12-03,+55 777 823 1055,Active,10,2,4
9,Gwendolyn,Cadell,gcadell8@ycombinator.com,2020-11-22,+62 253 800 8425,Active,9,4,1
10,Humfrey,Janous,hjanous9@nps.gov,2020-09-23,+1 356 815 3436,Not Active,4,7,9
11,Phelia,Matzel,pmatzela@networkadvertising.org,2021-05-23,+380 589 684 8948,Not Active,5,9,5
12,Rodger,Bilt,rbiltb@sina.com.cn,2020-04-25,+63 609 528 3720,Active,7,4,4
13,Carmita,Craigie,ccraigiec@multiply.com,2020-05-14,+54 663 427 4582,Active,1,3,7
14,Ramsey,Cockshoot,rcockshootd@fc2.com,2021-11-24,+98 666 552 8518,Not Active,2,2,3
15,Malissa,Menauteau,mmenauteaue@disqus.com,2022-08-04,+1 915 323 6819,Active,7,6,2
16,Enoch,Gathercole,egathercolef@ustream.tv,2022-05-07,+86 947 654 6547,Active,1,8,6
17,Bryna,Antoniazzi,bantoniazzig@desdev.cn,2020-08-13,+51 565 647 8711,Active,1,9,8
18,Adair,Strutz,astrutzh@hp.com,2020-02-06,+45 593 367 2960,Not Active,6,8,3
19,Honoria,Blackman,hblackmani@cornell.edu,2022-06-18,+86 926 485 7614,Active,4,6,10
20,Meryl,Roskilly,mroskillyj@amazon.co.uk,2021-01-09,+7 769 805 7348,Not Active,3,3,7
21,Ermanno,Byram,ebyramk@yale.edu,2022-12-07,+972 982 666 9699,Not Active,5,3,2
22,Annalise,Varney,avarneyl@freewebs.com,2020-11-30,+234 155 187 6460,Active,9,2,1
23,Alfred,Lamartine,alamartinem@list-manage.com,2022-08-22,+34 838 742 0117,Active,8,6,6
24,Rodolfo,Linthead,rlintheadn@sphinn.com,2022-02-16,+46 727 704 6595,Not Active,9,2,6
25,Charles,Binney,cbinneyo@ifeng.com,2022-05-31,+86 441 431 6527,Active,2,7,10
26,Tracie,Fetherston,tfetherstonp@networksolutions.com,2020-07-14,+1 785 983 2380,Active,2,5,8
27,Raven,Celez,rcelezq@cyberchimps.com,2020-07-16,+86 820 909 6896,Active,3,6,1
28,Romain,Hamlyn,rhamlynr@parallels.com,2021-06-01,+55 210 350 8249,Active,2,10,7
29,Starr,Pouton,spoutons@nationalgeographic.com,2020-08-29,+66 218 147 5344,Not Active,7,7,3
30,Sabrina,McMearty,smcmeartyt@archive.org,2020-02-17,+27 207 983 0945,Active,10,1,7
31,Clarance,Hamlen,chamlenu@nydailynews.com,2021-07-22,+420 871 960 3670,Active,4,8,9
32,Cherida,Trevethan,ctrevethanv@scientificamerican.com,2020-03-17,+48 597 984 5002,Active,10,3,7
33,Kelli,Henryson,khenrysonw@aboutads.info,2021-08-18,+86 390 387 8346,Active,8,10,7
34,Meade,Jost,mjostx@cnet.com,2022-07-27,+973 193 121 1862,Not Active,7,1,3
35,Melisent,Skirling,mskirlingy@simplemachines.org,2021-06-17,+86 898 102 2944,Active,7,3,7
36,Selinda,McKimmey,smckimmeyz@illinois.edu,2022-10-13,+351 419 460 4991,Active,8,8,10
37,Vanna,Murrill,vmurrill10@hp.com,2020-01-15,+33 926 327 2593,Active,6,3,10
38,Tobias,Brabbs,tbrabbs11@zimbio.com,2022-05-26,+1 234 590 6819,Active,8,4,7
39,Alain,Yegorev,ayegorev12@sakura.ne.jp,2021-09-10,+57 603 106 1896,Active,2,3,1
40,Helaina,Ladloe,hladloe13@usda.gov,2020-11-26,+86 531 240 2450,Active,6,4,9
41,Adelina,Blackhall,ablackhall14@boston.com,2020-09-21,+53 579 108 4542,Active,8,7,4
42,Zorine,Easen,zeasen15@wired.com,2022-04-18,+30 674 435 4841,Not Active,5,10,4
43,Verne,Woodward,vwoodward16@de.vu,2021-04-30,+598 297 946 7587,Active,2,3,2
44,Killian,Gladbeck,kgladbeck17@google.fr,2021-06-20,+1 166 501 3852,Active,6,7,8
45,Kali,Gawkes,kgawkes18@shinystat.com,2022-09-12,+507 705 251 1887,Active,2,1,1
46,Thorsten,Mack,tmack19@nymag.com,2022-03-21,+46 692 262 5751,Active,3,4,1
47,Karen,McClymond,kmcclymond1a@sogou.com,2021-04-11,+55 132 216 2923,Active,9,2,3
48,Timmi,Emerson,temerson1b@icio.us,2020-07-11,+86 851 479 7546,Not Active,6,7,5
49,Kippie,Bedson,kbedson1c@nba.com,2021-04-12,+225 275 287 4907,Active,3,6,4
50,Karmen,Rawling,krawling1d@histats.com,2022-05-19,+81 893 677 4388,Active,6,6,5
51,Illa,Pettett,ipettett1e@scientificamerican.com,2021-12-28,+352 230 191 2336,Active,7,6,10
52,Orsola,Ortell,oortell1f@cargocollective.com,2021-10-10,+261 761 640 4788,Active,1,10,3
53,Daniela,Van der Kruijs,dvanderkruijs1g@yelp.com,2021-06-12,+98 106 861 9423,Active,10,2,2
54,Isidro,Humphris,ihumphris1h@weibo.com,2022-01-17,+212 828 676 0019,Active,3,1,2
55,Gwyneth,Darnbrook,gdarnbrook1i@bluehost.com,2021-10-13,+81 543 197 4181,Not Active,8,3,2
56,Friederike,D'Alwis,fdalwis1j@tiny.cc,2020-08-21,+63 765 440 2711,Not Active,6,6,9
57,Corrine,Robert,crobert1k@sogou.com,2021-02-14,+86 807 848 9902,Active,10,6,1
58,Bram,Hollington,bhollington1l@bandcamp.com,2021-09-06,+242 849 584 5350,Not Active,1,3,7
59,Andris,Hatton,ahatton1m@netlog.com,2022-07-03,+86 261 213 6746,Active,1,7,10
60,Lurette,Harbidge,lharbidge1n@newsvine.com,2020-03-07,+7 141 373 9586,Active,1,3,5
61,Martita,Swanger,mswanger1o@nyu.edu,2021-01-08,+62 113 632 0492,Active,5,1,6
62,Burt,Durrans,bdurrans1p@columbia.edu,2022-12-14,+420 651 783 0915,Active,5,6,8
63,Valera,McSkeagan,vmcskeagan1q@scribd.com,2021-04-15,+48 788 672 0515,Not Active,5,7,9
64,Teodorico,Menezes,tmenezes1r@google.it,2022-01-05,+33 232 545 0887,Active,2,1,1
65,Jess,Snaddon,jsnaddon1s@ucsd.edu,2020-10-04,+359 125 677 5852,Not Active,7,7,5
66,Bibi,Cubuzzi,bcubuzzi1t@deliciousdays.com,2022-06-06,+58 764 525 4623,Active,3,2,6
67,Amalee,McCleod,amccleod1u@sourceforge.net,2021-02-07,+86 594 655 6027,Not Active,2,10,6
68,Olly,Dawnay,odawnay1v@bloomberg.com,2021-06-20,+234 506 458 6898,Active,8,8,3
69,Giralda,Hammer,ghammer1w@hubpages.com,2020-06-22,+60 791 905 6351,Active,1,6,8
70,Tristam,Millett,tmillett1x@livejournal.com,2020-08-03,+54 176 372 8606,Not Active,5,6,1
71,Bidget,McKeney,bmckeney1y@ovh.net,2022-03-10,+81 311 745 7563,Active,10,5,8
72,Jere,McKeevers,jmckeevers1z@hc360.com,2022-11-15,+84 282 318 6168,Active,6,10,4
73,My,McSperron,mmcsperron20@wikimedia.org,2021-11-27,+47 419 118 3768,Active,10,8,3
74,Bartholemy,Blazynski,bblazynski21@ustream.tv,2021-05-26,+86 271 296 3216,Active,6,10,3
75,Rhona,Staresmeare,rstaresmeare22@amazon.co.jp,2022-05-29,+95 235 849 2913,Active,5,8,2
76,Maryanna,Evison,mevison23@cyberchimps.com,2021-06-01,+380 303 421 7171,Active,10,3,7
77,Myer,Balmann,mbalmann24@cargocollective.com,2022-07-20,+86 533 567 9666,Not Active,6,1,3
78,Lindsey,Stanners,lstanners25@ucoz.com,2020-08-27,+1 760 711 2985,Active,2,10,8
79,Eveleen,Peeter,epeeter26@aol.com,2022-04-24,+230 284 410 7534,Active,2,9,9
80,Sutherlan,Willavize,swillavize27@vistaprint.com,2021-06-21,+33 478 408 0029,Active,4,4,10
81,Bing,Rowden,browden28@youtu.be,2021-10-08,+7 927 116 9855,Active,9,1,8
82,Karlan,Snary,ksnary29@prnewswire.com,2020-09-13,+62 512 750 6393,Active,6,8,10
83,Marilee,Orht,morht2a@aol.com,2020-11-09,+81 728 574 6355,Active,1,2,6
84,Chandal,Vereker,cvereker2b@hibu.com,2021-02-08,+47 598 147 4534,Active,5,4,3
85,Carlyn,Biskup,cbiskup2c@unblog.fr,2020-05-29,+33 581 490 5599,Not Active,2,6,5
86,Kaleb,Escoffrey,kescoffrey2d@sciencedirect.com,2021-12-09,+30 488 609 9143,Not Active,1,3,10
87,Pippa,Clemencet,pclemencet2e@fotki.com,2022-12-21,+420 534 563 2506,Active,8,8,6
88,Nadine,Von Hindenburg,nvonhindenburg2f@domainmarket.com,2021-09-02,+81 694 841 7301,Not Active,8,3,6
89,Nichol,Dunning,ndunning2g@sciencedaily.com,2022-04-01,+52 544 961 0425,Active,7,3,1
90,Clementius,Corre,ccorre2h@typepad.com,2022-10-18,+48 429 793 0100,Active,9,5,5
91,Shellie,Pickthorne,spickthorne2i@seattletimes.com,2020-11-08,+86 433 476 4517,Active,8,5,10
92,Lavina,Dannatt,ldannatt2j@cloudflare.com,2021-11-24,+237 682 548 3147,Active,7,2,8
93,Lanette,Jonsson,ljonsson2k@weebly.com,2021-04-09,+46 861 473 8486,Active,7,8,2
94,Fielding,Rowsell,frowsell2l@altervista.org,2020-01-09,+86 634 319 8149,Active,8,5,9
95,Opalina,Kitson,okitson2m@biblegateway.com,2022-10-17,+965 820 937 0880,Active,7,8,6
96,Augustine,Roder,aroder2n@loc.gov,2021-03-06,+86 901 589 6421,Active,5,8,10
97,Arlyne,Matzl,amatzl2o@amazonaws.com,2020-08-21,+48 327 796 6301,Active,10,10,4
98,Bridget,Albarez,balbarez2p@amazon.co.uk,2021-03-17,+86 730 120 8551,Not Active,5,9,2
99,Madeline,Deegan,mdeegan2q@unblog.fr,2022-09-15,+55 623 278 9470,Active,9,3,1
100,Deborah,Fagge,dfagge2r@wikimedia.org,2020-04-15,+7 739 969 9201,Active,5,5,1
101,Erik,Applegate,eapplegate2s@craigslist.org,2022-05-29,+223 214 590 6620,Active,7,2,4
102,August,Zupa,azupa2t@geocities.com,2020-01-26,+62 193 471 0618,Active,5,1,1
103,Tonya,Robberecht,trobberecht2u@columbia.edu,2020-12-25,+216 606 707 9665,Not Active,1,8,1
104,Darwin,Gosden,dgosden2v@hatena.ne.jp,2022-07-16,+62 194 753 2335,Active,9,3,10
105,Jessie,Bramwell,jbramwell2w@adobe.com,2020-09-18,+62 601 185 0202,Not Active,8,6,4
106,Marla,Rathmell,mrathmell2x@parallels.com,2020-07-30,+46 653 534 9063,Active,2,1,6
107,Temple,Schultze,tschultze2y@narod.ru,2022-05-08,+52 801 566 8914,Active,8,3,10
108,Robinet,Matteacci,rmatteacci2z@umich.edu,2021-03-16,+992 550 554 0634,Not Active,1,5,1
109,Julio,Clandillon,jclandillon30@dailymotion.com,2022-01-26,+55 139 886 3951,Active,4,1,3
110,Trevor,Michurin,tmichurin31@newsvine.com,2021-10-11,+7 741 580 0141,Active,2,5,9
111,Gabbi,Appleyard,gappleyard32@fotki.com,2022-05-10,+49 513 394 2101,Active,10,8,6
112,Langston,Sposito,lsposito33@ft.com,2021-11-16,+63 903 991 0299,Active,2,9,8
113,Cathleen,Gillett,cgillett34@slashdot.org,2020-11-01,+7 214 209 0484,Active,5,3,9
114,Bamby,Denington,bdenington35@freewebs.com,2022-02-03,+63 778 140 6448,Active,3,8,9
115,Jesselyn,Berrisford,jberrisford36@disqus.com,2021-07-06,+51 121 913 7290,Active,9,2,9
116,Clevey,Bryden,cbryden37@ihg.com,2020-10-01,+591 873 179 1089,Active,1,9,7
117,Caria,Helstrom,chelstrom38@free.fr,2021-12-31,+92 113 127 7607,Active,7,8,9
118,Derrick,Cutten,dcutten39@ameblo.jp,2021-10-14,+62 666 476 2933,Not Active,8,5,3
119,Salomo,Dunkerton,sdunkerton3a@guardian.co.uk,2022-12-03,+86 291 142 6223,Active,2,5,1
120,Ernst,Setterfield,esetterfield3b@wunderground.com,2021-05-14,+63 688 793 1647,Not Active,5,5,7
121,Aldrich,Newby,anewby3c@biblegateway.com,2021-08-01,+55 923 292 8300,Active,6,4,7
122,Kimball,Shattock,kshattock3d@twitter.com,2022-12-08,+51 831 907 2294,Active,6,2,4
123,Christina,Barnhart,cbarnhart3e@1688.com,2020-04-13,+30 770 352 0361,Active,7,6,3
124,Melody,Hordle,mhordle3f@mozilla.org,2021-02-09,+52 966 560 0050,Active,6,4,3
125,Collete,Mergue,cmergue3g@princeton.edu,2020-03-15,+86 773 755 5378,Active,7,7,1
126,Daron,Gummoe,dgummoe3h@youku.com,2021-09-30,+52 682 414 8027,Active,3,4,5
127,Britteny,Leathart,bleathart3i@amazon.de,2021-06-18,+86 695 831 9789,Active,6,3,7
128,Walker,Breissan,wbreissan3j@cdbaby.com,2021-08-13,+252 827 357 8804,Active,8,8,3
129,Mandie,Briscow,mbriscow3k@arstechnica.com,2022-10-09,+86 366 864 6911,Active,1,7,10
130,Renell,Leadston,rleadston3l@slate.com,2022-08-06,+33 811 131 0052,Active,7,3,8
131,Shepherd,Cayser,scayser3m@dmoz.org,2022-10-06,+46 816 214 3722,Active,2,5,1
132,Marleah,Hambrook,mhambrook3n@china.com.cn,2020-12-28,+33 235 508 8869,Active,5,7,9
133,Mal,Cordner,mcordner3o@va.gov,2020-07-02,+591 219 590 8611,Active,10,2,9
134,Lauren,Kalinsky,lkalinsky3p@hud.gov,2020-10-30,+48 263 975 5503,Not Active,5,5,4
135,Thomasina,Staziker,tstaziker3q@sina.com.cn,2020-11-23,+961 447 682 3509,Active,7,5,3
136,Faustina,Blague,fblague3r@usa.gov,2020-08-28,+62 323 435 3557,Not Active,6,6,5
137,Cos,Lumsdon,clumsdon3s@ameblo.jp,2021-07-15,+1 688 311 8801,Active,4,9,2
138,Binny,Grigori,bgrigori3t@goo.ne.jp,2021-09-17,+48 918 260 0804,Active,9,9,6
139,Arline,Pedycan,apedycan3u@google.com.br,2021-03-29,+86 496 381 0501,Active,4,3,3
140,Dane,Wilton,dwilton3v@clickbank.net,2020-05-04,+676 282 935 6034,Active,8,10,8
141,Seamus,Guyan,sguyan3w@yahoo.com,2021-08-22,+62 668 605 7226,Active,6,5,6
142,Lynett,Ebertz,lebertz3x@merriam-webster.com,2020-02-08,+63 550 358 0311,Not Active,3,5,3
143,Zelda,Pantone,zpantone3y@ihg.com,2022-06-12,+31 404 687 0749,Active,4,8,8
144,Jasmin,Featherstonhalgh,jfeatherstonhalgh3z@gov.uk,2021-05-19,+84 389 593 3018,Not Active,1,5,3
145,Lari,Earwicker,learwicker40@clickbank.net,2022-09-29,+386 751 500 4499,Active,10,4,9
146,Dennet,Levey,dlevey41@google.co.jp,2020-07-23,+86 906 152 7306,Not Active,10,8,1
147,Bartholomew,Sawnwy,bsawnwy42@hostgator.com,2020-05-12,+86 424 713 3097,Active,4,5,10
148,Russell,Greetham,rgreetham43@wiley.com,2020-09-22,+380 399 615 3134,Active,10,10,8
149,Siana,Paolo,spaolo44@instagram.com,2020-07-08,+964 586 367 9331,Active,1,10,7
150,Elise,Francesc,efrancesc45@rakuten.co.jp,2021-02-25,+55 600 406 2621,Active,7,4,7
151,Giffer,Fitzjohn,gfitzjohn46@ycombinator.com,2021-01-06,+86 869 388 6855,Active,3,8,10
152,Yvon,Garrold,ygarrold47@globo.com,2020-02-14,+359 226 767 3780,Active,8,2,6
153,Wallie,Bhatia,wbhatia48@privacy.gov.au,2022-12-10,+63 782 214 9741,Not Active,10,6,10
154,Kingsley,Havis,khavis49@mapy.cz,2022-03-13,+269 825 660 6414,Active,4,1,4
155,Loleta,Rae,lrae4a@nsw.gov.au,2020-01-04,+30 110 661 7001,Active,8,1,9
156,Stanfield,Premble,spremble4b@cisco.com,2021-02-08,+63 231 615 1216,Active,7,3,6
157,Eartha,Lewsam,elewsam4c@usa.gov,2020-02-10,+62 389 676 9740,Not Active,2,6,8
158,Dinny,Mattusov,dmattusov4d@mayoclinic.com,2020-05-23,+255 615 665 8166,Active,5,8,9
159,Joni,Donnett,jdonnett4e@artisteer.com,2022-03-04,+420 515 364 2014,Active,4,5,9
160,Boycey,Juanico,bjuanico4f@jigsy.com,2020-04-08,+7 878 570 9204,Active,10,6,8
161,Valerie,Taveriner,vtaveriner4g@behance.net,2022-10-03,+242 374 946 8534,Not Active,7,10,6
162,Duff,Jago,djago4h@mayoclinic.com,2021-08-19,+62 124 314 3634,Active,3,8,3
163,Lezlie,Durrell,ldurrell4i@instagram.com,2022-10-05,+351 748 491 9928,Active,3,6,6
164,Caty,Wreakes,cwreakes4j@flickr.com,2022-10-28,+86 809 236 6064,Active,9,3,1
165,Bernette,Wanell,bwanell4k@bbc.co.uk,2020-05-28,+86 979 407 3191,Active,10,8,5
166,Winonah,Blackboro,wblackboro4l@wordpress.com,2022-04-25,+56 505 743 3325,Active,9,1,3
167,Brewster,Eyeington,beyeington4m@sfgate.com,2021-10-22,+258 132 136 8935,Not Active,7,6,9
168,Bradley,Swyre,bswyre4n@phoca.cz,2022-06-22,+994 677 754 5814,Active,4,1,10
169,Neilla,Barke,nbarke4o@indiegogo.com,2022-02-10,+506 397 902 8060,Not Active,6,1,7
170,Theodor,Geddis,tgeddis4p@salon.com,2021-07-05,+63 256 236 4684,Active,5,3,5
171,Holmes,Van der Spohr,hvanderspohr4q@wikia.com,2022-02-25,+267 637 658 9765,Active,4,4,2
172,Tedra,Rojahn,trojahn4r@microsoft.com,2021-04-20,+62 484 999 5252,Active,6,4,1
173,Kendall,Guerrieri,kguerrieri4s@ycombinator.com,2020-12-07,+502 556 707 5682,Active,6,10,8
174,Sheff,Gadesby,sgadesby4t@hp.com,2021-08-22,+237 786 171 1740,Active,2,10,8
175,Woodie,Penvarne,wpenvarne4u@amazon.co.uk,2021-01-16,+86 952 806 8491,Active,9,6,2
176,Corly,Polden,cpolden4v@prweb.com,2021-05-09,+39 691 298 4687,Active,1,10,10
177,Ortensia,Byron,obyron4w@bigcartel.com,2021-07-19,+95 440 722 4242,Active,7,2,6
178,Teddy,Cubbini,tcubbini4x@delicious.com,2022-02-09,+63 806 786 8176,Not Active,1,8,2
179,Horton,Baldelli,hbaldelli4y@google.es,2022-07-08,+86 298 108 7318,Active,3,8,7
180,Jory,Fosten,jfosten4z@nhs.uk,2021-02-11,+48 205 585 5964,Active,7,3,2
181,Larine,Pancast,lpancast50@quantcast.com,2022-11-14,+45 917 586 0079,Active,7,3,4
182,Mollee,Garvagh,mgarvagh51@plala.or.jp,2020-08-17,+7 460 938 3000,Not Active,2,7,8
183,Darci,Fuxman,dfuxman52@upenn.edu,2022-02-17,+62 202 798 1698,Active,3,1,6
184,Friedrich,Kislingbury,fkislingbury53@nationalgeographic.com,2022-06-21,+43 245 873 7676,Active,3,1,8
185,Christos,Ridehalgh,cridehalgh54@godaddy.com,2021-12-18,+86 225 825 2558,Active,3,8,7
186,Lorilyn,Yanyshev,lyanyshev55@dedecms.com,2022-03-05,+86 333 134 7195,Active,3,6,8
187,Norrie,Chastney,nchastney56@japanpost.jp,2022-05-05,+86 290 617 5850,Active,5,7,3
188,Rafaellle,Tilsley,rtilsley57@yolasite.com,2022-10-20,+33 446 697 9205,Active,4,9,10
189,Richardo,Tainton,rtainton58@slate.com,2021-02-24,+976 463 538 3620,Active,8,4,2
190,Harwell,Beeson,hbeeson59@unc.edu,2020-08-20,+62 792 956 4783,Active,1,5,10
191,Shel,Stairmond,sstairmond5a@blinklist.com,2021-03-28,+30 937 431 7185,Active,6,4,3
192,Janot,Traynor,jtraynor5b@parallels.com,2022-02-03,+86 792 591 2002,Active,3,9,8
193,Milli,Cape,mcape5c@npr.org,2022-11-05,+66 902 990 5111,Active,9,8,10
194,Shayna,Gookey,sgookey5d@godaddy.com,2022-10-11,+86 461 741 4863,Active,10,5,5
195,Renell,Conti,rconti5e@desdev.cn,2022-08-03,+256 218 735 4357,Active,9,6,7
196,Melisandra,Yearsley,myearsley5f@wisc.edu,2022-08-29,+506 808 471 5734,Active,8,4,9
197,Cully,Syde,csyde5g@histats.com,2022-11-02,+55 435 877 7025,Active,4,4,5
198,Deni,Vedyashkin,dvedyashkin5h@businesswire.com,2020-06-04,+30 904 788 0673,Active,7,4,3
199,Leeann,O'Siaghail,losiaghail5i@mapy.cz,2021-04-17,+62 841 887 4767,Not Active,10,9,3
200,Doe,McRorie,dmcrorie5j@smugmug.com,2022-11-17,+269 477 955 1920,Active,2,9,9
201,Ertha,Eivers,eeivers5k@berkeley.edu,2020-08-07,+504 316 691 4398,Active,3,2,4
202,Gwyn,Aukland,gaukland5l@paypal.com,2020-06-23,+993 709 729 9904,Not Active,8,2,2
203,Helene,Linkin,hlinkin5m@networksolutions.com,2020-12-30,+7 302 588 5457,Active,5,2,9
204,Hashim,Dows,hdows5n@addtoany.com,2022-05-10,+54 989 548 4829,Active,1,9,8
205,Iormina,Cousen,icousen5o@auda.org.au,2022-10-07,+81 332 645 1336,Not Active,3,1,2
206,Petrina,Maccari,pmaccari5p@who.int,2020-09-12,+7 246 248 5104,Active,5,10,7
207,Madlen,Kippins,mkippins5q@squarespace.com,2021-12-07,+380 814 394 6598,Not Active,9,5,6
208,Ag,Curness,acurness5r@virginia.edu,2021-08-13,+351 716 254 2357,Active,4,7,7
209,Delly,Gittose,dgittose5s@spiegel.de,2021-06-30,+48 109 246 9999,Active,10,2,3
210,Willi,Simoncini,wsimoncini5t@smh.com.au,2021-12-01,+62 429 694 5823,Active,2,7,9
211,Sandie,Seamark,sseamark5u@pbs.org,2021-06-21,+47 344 206 3030,Active,7,9,6
212,Aggie,Robelet,arobelet5v@deviantart.com,2021-11-11,+420 466 718 2493,Active,6,10,2
213,Lisabeth,O'Fihillie,lofihillie5w@blogger.com,2022-06-05,+84 996 978 7960,Active,5,6,9
214,Emmie,Asbrey,easbrey5x@army.mil,2021-01-11,+385 831 569 4867,Active,9,8,10
215,Devin,Bentick,dbentick5y@cnn.com,2021-08-12,+1 301 332 8707,Active,5,10,5
216,Neil,Murcott,nmurcott5z@webnode.com,2020-03-08,+82 109 167 8006,Active,1,5,3
217,Janean,Sancroft,jsancroft60@slate.com,2020-10-22,+375 827 674 1840,Active,1,3,8
218,Olympie,Boat,oboat61@woothemes.com,2022-01-14,+64 249 282 0450,Active,10,10,9
219,Ely,Westnage,ewestnage62@w3.org,2020-05-05,+855 991 505 0334,Active,6,1,8
220,Ilysa,Faldoe,ifaldoe63@cbc.ca,2020-08-02,+86 496 541 1902,Active,1,3,8
221,Garner,Cutmere,gcutmere64@liveinternet.ru,2022-09-01,+380 804 827 0419,Active,1,3,5
222,Allister,Fruser,afruser65@yale.edu,2022-07-11,+48 932 652 5987,Active,3,3,9
223,Torrey,Janczyk,tjanczyk66@kickstarter.com,2020-06-08,+33 989 690 4306,Active,4,3,9
224,Ulrika,Blakeley,ublakeley67@last.fm,2021-01-09,+52 797 541 9127,Active,10,2,6
225,Hymie,Pendlenton,hpendlenton68@friendfeed.com,2022-05-19,+255 997 574 1091,Active,8,10,8
226,Martie,Menere,mmenere69@wp.com,2022-09-16,+86 425 837 1884,Not Active,3,4,6
227,Jean,Haycraft,jhaycraft6a@xrea.com,2022-03-18,+593 885 814 7856,Active,1,10,8
228,Sheelah,Rains,srains6b@cyberchimps.com,2020-02-22,+86 831 850 4721,Active,6,8,6
229,Ab,Eacle,aeacle6c@artisteer.com,2021-08-11,+63 623 214 5328,Active,5,3,9
230,Lucille,Van den Broek,lvandenbroek6d@washington.edu,2022-10-01,+98 604 910 9823,Active,2,1,1
231,Gwendolyn,Dorey,gdorey6e@webnode.com,2022-05-26,+7 553 143 9919,Active,8,6,2
232,Irvin,Rayment,irayment6f@discovery.com,2020-05-25,+86 636 508 5574,Not Active,3,1,5
233,Daffie,Jirousek,djirousek6g@usnews.com,2021-06-27,+55 997 464 9856,Active,4,2,6
234,Bell,Naughton,bnaughton6h@nih.gov,2022-03-07,+62 506 689 3285,Active,9,2,3
235,Marja,Stute,mstute6i@ifeng.com,2020-07-06,+86 160 626 6307,Active,4,2,2
236,Lindsy,Kermon,lkermon6j@diigo.com,2021-10-26,+86 585 984 0718,Active,3,5,7
237,Trista,Higgonet,thiggonet6k@shop-pro.jp,2021-03-17,+261 379 152 9429,Active,2,5,7
238,Tine,Arons,tarons6l@webmd.com,2022-05-21,+98 988 729 4254,Not Active,4,5,6
239,Ignazio,Connichie,iconnichie6m@behance.net,2022-05-09,+86 693 583 8866,Active,2,3,3
240,Birdie,Karlik,bkarlik6n@xinhuanet.com,2020-10-10,+86 765 725 9203,Active,2,8,4
241,Ruthy,Ruecastle,rruecastle6o@miitbeian.gov.cn,2020-11-06,+33 760 272 3124,Active,8,6,8
242,Solomon,Mottinelli,smottinelli6p@usa.gov,2020-05-18,+290 992 240 5031,Active,3,10,4
243,Cordell,Ricardo,cricardo6q@nymag.com,2020-07-23,+1 265 425 1685,Active,10,8,10
244,Myrtice,Payze,mpayze6r@abc.net.au,2021-05-27,+370 993 517 9367,Active,1,4,1
245,Lana,Goggen,lgoggen6s@squidoo.com,2020-12-26,+856 817 714 5224,Not Active,2,3,9
246,Gan,Batt,gbatt6t@apache.org,2022-05-04,+54 616 568 0722,Active,7,5,5
247,Iorgos,Haslin,ihaslin6u@google.it,2021-10-22,+86 122 662 4058,Active,7,1,9
248,Novelia,Gouly,ngouly6v@ow.ly,2020-01-21,+880 671 994 8349,Active,4,7,6
249,Chicky,Lundberg,clundberg6w@jiathis.com,2020-04-06,+216 897 415 7085,Active,6,9,8
250,Anselma,Haggar,ahaggar6x@geocities.com,2022-10-07,+255 471 685 3756,Active,7,9,4
251,Lindie,Assante,lassante6y@unicef.org,2021-11-26,+358 198 175 2990,Not Active,2,4,7
252,Mac,Mateev,mmateev6z@wikia.com,2022-06-22,+46 944 706 6913,Not Active,4,8,10
253,Maye,Boydle,mboydle70@squidoo.com,2022-07-21,+30 302 974 2758,Active,4,7,9
254,Aryn,Luppitt,aluppitt71@usgs.gov,2022-11-15,+86 252 159 2946,Active,5,10,2
255,Danie,Mc Queen,dmcqueen72@fema.gov,2021-04-01,+256 822 969 6892,Active,5,2,3
256,Tore,Poyle,tpoyle73@oakley.com,2020-04-12,+374 955 345 0386,Not Active,7,8,4
257,Glori,Sutty,gsutty74@merriam-webster.com,2020-08-10,+33 912 372 9206,Active,9,9,10
258,Haily,Barthot,hbarthot75@unblog.fr,2020-03-06,+86 179 178 0804,Active,3,4,4
259,Graham,Bruford,gbruford76@istockphoto.com,2021-08-23,+7 656 886 9105,Active,7,10,9
260,Chery,Bofield,cbofield77@imdb.com,2022-01-11,+380 956 457 6077,Active,4,9,10
261,Tibold,Mycock,tmycock78@xing.com,2022-10-22,+1 330 116 8344,Active,5,1,7
262,Norine,O'Nowlan,nonowlan79@usatoday.com,2021-09-26,+370 513 656 8499,Active,3,10,7
263,Saree,Nickless,snickless7a@thetimes.co.uk,2020-08-20,+62 104 989 8668,Not Active,3,1,5
264,Marshall,Ripon,mripon7b@boston.com,2022-02-07,+62 187 725 6868,Not Active,1,2,3
265,Kit,Kneale,kkneale7c@ask.com,2020-05-26,+86 733 263 6735,Active,9,3,1
266,Salim,Gumn,sgumn7d@sfgate.com,2021-02-04,+380 476 265 4770,Active,10,2,1
267,Luce,Gouldthorpe,lgouldthorpe7e@about.com,2022-10-11,+48 281 421 2311,Active,10,10,8
268,Aliza,Thow,athow7f@etsy.com,2020-01-07,+84 159 957 9872,Active,7,8,3
269,Avram,Blague,ablague7g@businesswire.com,2020-10-25,+66 516 498 1877,Active,5,1,3
270,Georg,Hannigan,ghannigan7h@photobucket.com,2020-11-05,+62 357 900 3140,Active,3,5,5
271,Jimmy,Linck,jlinck7i@nps.gov,2022-03-02,+7 747 585 9439,Not Active,5,3,9
272,Prissie,Leall,pleall7j@tiny.cc,2021-07-12,+1 809 839 1592,Not Active,6,3,6
273,Willie,Jeanes,wjeanes7k@blogs.com,2020-02-25,+375 715 150 2719,Active,8,1,5
274,Jean,Haburne,jhaburne7l@hubpages.com,2022-09-09,+55 314 742 9659,Not Active,1,2,7
275,Dallon,Maunsell,dmaunsell7m@1688.com,2021-07-20,+420 833 881 2577,Active,6,7,10
276,Farlay,Bourges,fbourges7n@thetimes.co.uk,2022-02-05,+92 254 718 7959,Active,2,5,7
277,Lennie,O'Grady,logrady7o@guardian.co.uk,2020-05-02,+46 781 801 4108,Active,8,4,2
278,Wendie,Joynson,wjoynson7p@stumbleupon.com,2022-07-22,+63 105 896 4271,Active,8,6,4
279,Noelle,Durward,ndurward7q@wufoo.com,2022-06-11,+86 868 642 5831,Active,10,3,7
280,Hagan,Lindwall,hlindwall7r@cbslocal.com,2022-12-06,+381 511 315 4938,Active,7,6,5
281,Field,Blomfield,fblomfield7s@domainmarket.com,2021-07-09,+33 842 948 6833,Not Active,4,10,2
282,Geralda,Ebbotts,gebbotts7t@latimes.com,2022-10-26,+86 709 765 6150,Not Active,1,7,7
283,Marcille,Bonds,mbonds7u@wiley.com,2020-06-05,+55 116 923 0499,Not Active,7,4,9
284,Raffaello,Jennison,rjennison7v@typepad.com,2020-03-06,+375 944 666 6833,Active,6,9,6
285,Garner,Garside,ggarside7w@dmoz.org,2020-03-03,+351 910 189 7515,Active,2,5,7
286,Benedetto,Haddacks,bhaddacks7x@printfriendly.com,2021-01-29,+20 485 168 2483,Active,7,1,2
287,Peggie,Dowsey,pdowsey7y@sun.com,2020-08-30,+62 665 544 8536,Active,8,2,3
288,Barris,Wiffler,bwiffler7z@reverbnation.com,2022-01-09,+86 226 839 3913,Active,6,4,6
289,Wilona,Burroughes,wburroughes80@liveinternet.ru,2022-03-21,+56 894 789 6156,Active,3,1,6
290,Colan,Handrock,chandrock81@merriam-webster.com,2020-10-29,+63 498 704 5770,Active,8,3,6
291,Shurlock,Bamfield,sbamfield82@facebook.com,2021-07-17,+86 485 227 9729,Active,9,2,9
292,Woodrow,Lankford,wlankford83@geocities.jp,2021-12-24,+687 534 483 2153,Active,4,1,7
293,Melodee,Gullick,mgullick84@columbia.edu,2020-10-26,+66 314 790 9451,Not Active,7,3,1
294,Christophorus,Hirsch,chirsch85@ycombinator.com,2021-05-27,+371 998 682 2412,Active,9,3,4
295,Salvidor,Pond-Jones,spondjones86@exblog.jp,2021-03-15,+62 539 246 1320,Active,8,10,1
296,Darda,Wurz,dwurz87@posterous.com,2020-07-27,+86 771 393 7800,Active,3,9,3
297,Roderick,Houtbie,rhoutbie88@usnews.com,2022-03-12,+261 500 831 4547,Active,3,9,4
298,Gaspar,Rolls,grolls89@icio.us,2020-07-22,+48 582 976 7952,Not Active,6,3,1
299,Samson,Petican,spetican8a@dell.com,2020-11-02,+46 301 382 8847,Active,8,1,1
300,Charita,Tenby,ctenby8b@blogspot.com,2020-10-20,+86 354 694 1892,Active,3,3,6
301,Hayyim,Le Marchand,hlemarchand8c@foxnews.com,2022-05-14,+86 355 647 5916,Not Active,4,7,3
302,Fanchon,Driuzzi,fdriuzzi8d@oakley.com,2020-06-08,+261 392 845 9568,Not Active,5,7,5
303,Frasier,Duiged,fduiged8e@cocolog-nifty.com,2020-01-08,+386 698 680 6715,Not Active,1,6,3
304,Brittani,Spedding,bspedding8f@cocolog-nifty.com,2022-09-22,+81 353 935 8979,Active,6,6,8
305,Kassi,Rostern,krostern8g@discuz.net,2020-08-04,+351 978 969 9004,Not Active,3,9,5
306,August,Blunsden,ablunsden8h@woothemes.com,2022-09-28,+383 938 774 2592,Not Active,7,4,8
307,Andrey,Euels,aeuels8i@1und1.de,2022-05-16,+372 459 862 1883,Active,7,6,3
308,Aristotle,Wardley,awardley8j@google.es,2020-01-03,+46 766 394 5360,Not Active,7,7,9
309,Maison,Fiddeman,mfiddeman8k@msn.com,2022-03-10,+7 975 917 8295,Not Active,4,10,2
310,Elfreda,Arnfield,earnfield8l@amazonaws.com,2021-01-27,+252 455 267 1424,Active,5,2,9
311,Alden,Blayney,ablayney8m@sciencedirect.com,2022-06-07,+966 569 279 9528,Not Active,1,1,1
312,Selia,Phipp,sphipp8n@behance.net,2022-11-15,+30 395 993 1372,Not Active,8,8,5
313,Tallia,Tollet,ttollet8o@ucoz.com,2022-07-01,+81 683 532 8667,Active,1,2,5
314,Nikita,Scholefield,nscholefield8p@ft.com,2020-12-01,+81 680 142 6170,Active,4,5,5
315,Ruddy,Bosanko,rbosanko8q@ibm.com,2022-11-09,+93 846 173 7943,Active,5,5,7
316,Camilla,Wright,cwright8r@godaddy.com,2020-04-04,+86 313 327 3008,Active,6,8,6
317,Eustacia,Illston,eillston8s@bbb.org,2022-06-02,+86 492 541 2461,Active,1,4,6
318,Addy,Rehor,arehor8t@telegraph.co.uk,2020-08-27,+234 585 276 7057,Active,3,9,2
319,Drucill,Meir,dmeir8u@webs.com,2020-06-28,+86 353 440 3612,Not Active,7,3,7
320,Christophe,Harmstone,charmstone8v@cyberchimps.com,2022-08-09,+1 808 764 5926,Active,3,4,1
321,Bevvy,Tamburo,btamburo8w@phpbb.com,2022-06-14,+86 417 311 2432,Active,6,4,2
322,Marve,Geane,mgeane8x@nymag.com,2022-10-09,+48 460 361 0156,Active,3,3,8
323,Rosalinde,Brewerton,rbrewerton8y@skype.com,2020-11-17,+86 981 946 5052,Not Active,10,8,2
324,Taffy,Walmsley,twalmsley8z@webnode.com,2021-06-16,+20 975 380 7576,Active,8,1,7
325,Gweneth,Ellwand,gellwand90@cnet.com,2021-10-03,+54 641 520 8159,Active,6,5,8
326,Edithe,Coggan,ecoggan91@scientificamerican.com,2022-02-26,+1 504 427 9964,Not Active,10,2,2
327,Eddie,MacComiskey,emaccomiskey92@soup.io,2022-03-06,+227 131 817 4240,Not Active,7,8,6
328,Shannah,Rany,srany93@feedburner.com,2022-04-08,+86 539 111 4494,Not Active,1,3,1
329,Gretal,Harfoot,gharfoot94@last.fm,2022-03-30,+63 411 123 4051,Not Active,10,1,1
330,Vaughan,Rocks,vrocks95@umich.edu,2022-04-19,+371 978 342 7592,Not Active,2,8,8
331,Miguelita,Kibbee,mkibbee96@buzzfeed.com,2021-08-30,+507 988 941 5823,Active,1,2,7
332,Dacy,McAlindon,dmcalindon97@smugmug.com,2021-08-12,+48 722 461 2396,Active,4,5,3
333,Rakel,Cockram,rcockram98@mit.edu,2020-07-09,+7 928 336 0804,Active,9,3,8
334,Eldin,Doodson,edoodson99@telegraph.co.uk,2020-01-28,+351 905 742 4745,Active,8,6,9
335,Gamaliel,Piscot,gpiscot9a@dell.com,2020-06-29,+593 541 386 9082,Active,4,3,9
336,Carlotta,Fieldgate,cfieldgate9b@nydailynews.com,2022-04-06,+49 103 175 4931,Active,1,5,9
337,Bendix,Blackbrough,bblackbrough9c@blogs.com,2020-11-06,+598 115 791 5786,Not Active,3,2,5
338,Thalia,Maydwell,tmaydwell9d@fema.gov,2022-01-22,+1 515 728 2321,Active,3,8,1
339,Melisse,James,mjames9e@woothemes.com,2021-08-03,+63 342 300 1931,Active,10,9,5
340,Ulick,McGoogan,umcgoogan9f@archive.org,2020-01-16,+63 791 357 1601,Active,5,9,6
341,Inness,Reyburn,ireyburn9g@tamu.edu,2022-06-02,+86 580 796 4664,Active,1,10,5
342,Catherina,Garretts,cgarretts9h@deviantart.com,2021-07-22,+375 259 547 0494,Active,5,8,5
343,Zackariah,Keiley,zkeiley9i@linkedin.com,2020-08-10,+86 359 615 9698,Active,6,9,5
344,Ronda,Schimoni,rschimoni9j@wunderground.com,2021-04-30,+86 970 707 8488,Active,5,6,9
345,Perl,Birkin,pbirkin9k@gravatar.com,2021-02-09,+504 388 761 6109,Active,10,1,7
346,Archibold,Shanks,ashanks9l@craigslist.org,2021-11-04,+57 560 760 8442,Active,4,5,5
347,Halley,Farres,hfarres9m@techcrunch.com,2020-11-19,+55 996 325 9464,Active,5,2,6
348,Pansy,MacBean,pmacbean9n@engadget.com,2022-05-05,+1 203 822 8273,Active,9,7,4
349,Alric,Whereat,awhereat9o@sphinn.com,2022-10-21,+86 140 103 0723,Active,4,7,10
350,Kile,Lockhart,klockhart9p@cnet.com,2020-12-29,+57 738 359 0944,Active,7,2,6
351,Joly,Kitchinham,jkitchinham9q@oaic.gov.au,2022-08-05,+373 540 100 2372,Not Active,1,3,2
352,Gene,Celli,gcelli9r@amazon.co.uk,2022-06-24,+385 566 913 6336,Active,5,8,6
353,Shantee,Syne,ssyne9s@ft.com,2021-05-15,+62 901 400 7864,Active,3,5,7
354,Bryce,Pegden,bpegden9t@craigslist.org,2021-03-31,+51 837 936 3429,Not Active,10,7,2
355,Odille,Monini,omonini9u@hatena.ne.jp,2022-06-07,+1 632 665 6215,Not Active,9,6,5
356,Pansy,Buckston,pbuckston9v@patch.com,2021-07-28,+86 704 101 5297,Active,2,2,7
357,Duke,Lidierth,dlidierth9w@webmd.com,2021-10-21,+63 749 908 7587,Active,8,1,9
358,Terrence,Brangan,tbrangan9x@ocn.ne.jp,2020-04-14,+36 630 772 6980,Active,1,7,2
359,Portia,Bowcock,pbowcock9y@sciencedirect.com,2022-09-21,+86 596 669 0477,Active,6,10,10
360,Osbourn,Hinchcliffe,ohinchcliffe9z@wix.com,2021-05-30,+972 504 598 6412,Not Active,10,2,1
361,Ariel,Shewon,ashewona0@arstechnica.com,2020-02-19,+507 435 408 9939,Active,4,7,8
362,Marius,Easterbrook,measterbrooka1@woothemes.com,2021-10-07,+63 108 910 2880,Active,2,10,6
363,Marylinda,Igoe,migoea2@dailymotion.com,2022-10-28,+46 325 691 9892,Not Active,9,4,1
364,Jon,Smiley,jsmileya3@dmoz.org,2022-11-17,+86 508 564 0075,Not Active,10,8,9
365,Rochester,Dincey,rdinceya4@ftc.gov,2022-03-29,+81 870 178 5636,Active,10,4,8
366,Joshia,Gange,jgangea5@examiner.com,2022-03-30,+1 455 851 2053,Active,5,10,5
367,Annabel,Lavis,alavisa6@freewebs.com,2022-11-23,+380 209 613 0537,Active,1,3,4
368,Josselyn,Eastgate,jeastgatea7@wp.com,2021-10-29,+62 914 179 3342,Active,9,6,4
369,Lorraine,MacCartan,lmaccartana8@altervista.org,2020-10-31,+62 306 110 1527,Active,6,4,7
370,Blake,Udell,budella9@unblog.fr,2020-07-06,+62 803 187 0068,Active,9,7,1
371,Scott,Gaynes,sgaynesaa@flickr.com,2021-11-01,+225 720 256 1987,Active,10,5,2
372,Kore,Vearncomb,kvearncombab@deviantart.com,2022-11-05,+351 593 766 4289,Not Active,1,1,9
373,Kylie,Woollends,kwoollendsac@printfriendly.com,2020-05-12,+86 530 679 4166,Active,2,3,10
374,Maisey,Galliard,mgalliardad@berkeley.edu,2022-04-01,+33 645 138 5478,Active,5,1,6
375,Oralle,Medford,omedfordae@bravesites.com,2021-11-05,+33 438 586 4989,Active,6,9,8
376,Benoit,Elliman,bellimanaf@tmall.com,2021-01-10,+48 628 314 6002,Active,9,8,7
377,Ashleigh,Hudd,ahuddag@multiply.com,2021-01-06,+1 960 465 8293,Not Active,2,8,3
378,Wilmette,Del Castello,wdelcastelloah@nymag.com,2020-06-08,+86 236 995 4248,Active,5,1,1
379,Lester,Cumesky,lcumeskyai@yahoo.com,2021-04-11,+33 356 584 9873,Not Active,7,7,9
380,Yolanthe,Hunnywell,yhunnywellaj@cisco.com,2021-05-19,+595 879 752 1041,Active,4,7,7
381,Tim,Kerin,tkerinak@photobucket.com,2020-06-18,+62 756 977 5310,Active,2,8,3
382,Leese,McColgan,lmccolganal@sitemeter.com,2020-03-27,+86 508 339 7095,Active,6,1,8
383,Gennie,Naisbit,gnaisbitam@utexas.edu,2022-11-27,+34 841 220 8616,Active,6,1,1
384,Aurelea,Dewicke,adewickean@umn.edu,2022-12-23,+504 915 603 8737,Active,3,8,3
385,Aurilia,Ongin,aonginao@163.com,2020-08-07,+351 641 895 0375,Active,7,5,10
386,Gael,Moneypenny,gmoneypennyap@alexa.com,2022-08-31,+86 897 972 3668,Active,1,4,6
387,Camilla,Quinevan,cquinevanaq@baidu.com,2021-07-12,+52 272 268 7289,Not Active,3,9,5
388,Gonzales,Dioniso,gdionisoar@ebay.co.uk,2020-03-01,+30 678 614 4063,Active,1,2,8
389,Theodosia,Reasun,treasunas@examiner.com,2020-09-16,+60 850 273 5677,Active,9,1,6
390,Devin,Pinkney,dpinkneyat@exblog.jp,2022-11-20,+62 702 935 2658,Active,7,7,8
391,Oralee,Tatem,otatemau@quantcast.com,2022-04-09,+234 186 535 8391,Active,7,1,6
392,Sigfried,Itzcak,sitzcakav@google.com.br,2021-05-25,+385 190 201 3840,Active,5,4,8
393,Pooh,Allbon,pallbonaw@mlb.com,2022-03-16,+1 552 971 1575,Active,10,6,8
394,Augustin,Klimshuk,aklimshukax@drupal.org,2022-08-29,+962 128 166 4601,Not Active,7,6,10
395,Reggy,Wyllis,rwyllisay@istockphoto.com,2021-05-05,+7 775 421 2253,Active,4,2,9
396,Florri,Coombs,fcoombsaz@china.com.cn,2020-03-05,+86 102 167 0693,Active,8,8,7
397,Joshua,Sanham,jsanhamb0@jalbum.net,2021-07-07,+351 907 750 8778,Active,3,7,2
398,Morganne,McEntee,mmcenteeb1@soundcloud.com,2020-06-13,+235 307 777 9812,Active,6,2,1
399,Sherrie,Lampett,slampettb2@meetup.com,2022-03-01,+964 236 839 2980,Active,8,8,6
400,Esther,Zealander,ezealanderb3@cbsnews.com,2021-12-08,+63 151 840 7517,Active,3,7,3
401,Inger,Ashpole,iashpoleb4@dell.com,2021-10-29,+63 949 569 2796,Active,5,9,8
402,Brandtr,Wannop,bwannopb5@shareasale.com,2022-03-06,+86 156 553 7415,Active,9,5,2
403,Shana,Andriuzzi,sandriuzzib6@about.me,2022-10-28,+62 664 507 8582,Active,7,2,10
404,Siobhan,Cohrs,scohrsb7@whitehouse.gov,2020-12-04,+86 945 736 2349,Active,4,4,5
405,Amery,Romao,aromaob8@ftc.gov,2020-08-21,+63 209 421 0515,Active,2,4,2
406,Levon,Halladay,lhalladayb9@dyndns.org,2022-05-14,+86 575 698 1056,Active,9,7,6
407,Arline,Duval,aduvalba@woothemes.com,2021-09-25,+380 389 405 8029,Active,7,7,8
408,Rick,Simms,rsimmsbb@wikimedia.org,2021-03-07,+351 161 101 3176,Active,1,7,1
409,Nancie,Nelane,nnelanebc@accuweather.com,2021-07-11,+62 960 188 3869,Not Active,1,5,7
410,Darren,Mora,dmorabd@indiegogo.com,2020-11-13,+63 656 326 6762,Active,9,3,4
411,Haley,McCleary,hmcclearybe@dailymotion.com,2021-01-11,+963 778 502 4732,Active,4,8,7
412,Travus,Landy,tlandybf@businesswire.com,2020-12-15,+86 783 953 8257,Active,2,5,3
413,Terri-jo,Stoneley,tstoneleybg@yahoo.co.jp,2022-05-14,+420 290 378 7480,Active,9,2,1
414,Nealon,Debnam,ndebnambh@adobe.com,2022-07-19,+691 586 717 0447,Active,8,5,3
415,Jeddy,Roe,jroebi@nifty.com,2020-01-26,+389 712 812 4703,Not Active,5,1,2
416,Jeremie,Errington,jerringtonbj@reverbnation.com,2020-07-30,+1 702 256 6358,Active,1,4,2
417,Franny,Medcraft,fmedcraftbk@squidoo.com,2020-07-10,+55 341 864 1389,Active,4,7,2
418,Jenifer,Banke,jbankebl@pbs.org,2021-06-24,+351 836 165 4413,Active,5,10,4
419,Corbin,Lainge,claingebm@livejournal.com,2020-02-26,+33 680 568 8570,Active,1,4,10
420,Oates,O'Cannon,oocannonbn@discovery.com,2022-01-03,+54 943 227 3828,Active,1,1,3
421,Garik,Wild,gwildbo@ft.com,2021-12-16,+7 963 240 1705,Active,6,2,10
422,Claudian,Canadine,ccanadinebp@cdc.gov,2020-10-15,+236 222 811 7054,Active,7,2,9
423,Stevie,Shingler,sshinglerbq@jiathis.com,2021-09-23,+86 868 264 3521,Active,1,5,5
424,Amber,Scrinage,ascrinagebr@shop-pro.jp,2022-05-07,+39 445 190 4198,Active,4,8,1
425,Elset,Gwatkins,egwatkinsbs@blinklist.com,2021-07-21,+54 635 566 0371,Active,7,2,9
426,Dorena,Convery,dconverybt@a8.net,2022-08-28,+7 239 547 9568,Active,10,6,4
427,Rickard,Burdell,rburdellbu@pinterest.com,2022-01-19,+66 207 317 7308,Active,6,9,2
428,Tracey,Avis,tavisbv@bloglovin.com,2022-09-07,+256 214 828 1476,Active,3,2,2
429,Diahann,Tustin,dtustinbw@chronoengine.com,2021-05-25,+261 963 118 9398,Active,10,5,7
430,Constance,Scoles,cscolesbx@examiner.com,2022-04-14,+251 594 328 3374,Active,9,7,10
431,Cherye,Aleksic,caleksicby@accuweather.com,2022-06-23,+225 639 136 6690,Active,8,4,6
432,Simonette,Marquiss,smarquissbz@wisc.edu,2020-01-27,+385 894 657 1113,Active,9,2,4
433,Elston,Seilmann,eseilmannc0@nymag.com,2021-01-11,+7 795 977 1765,Not Active,10,10,2
434,Ian,Roels,iroelsc1@umn.edu,2020-01-23,+55 141 343 3279,Active,10,9,8
435,Paulie,Dowber,pdowberc2@ox.ac.uk,2022-11-30,+7 129 882 9574,Active,7,1,4
436,Millisent,Mauro,mmauroc3@usa.gov,2022-11-06,+63 196 204 0188,Active,8,8,6
437,Krispin,McMonnies,kmcmonniesc4@xrea.com,2020-07-28,+374 871 470 3953,Active,2,9,2
438,Obie,Koschke,okoschkec5@gnu.org,2022-12-02,+261 851 633 5281,Active,8,6,7
439,Adella,Vertigan,avertiganc6@xrea.com,2021-02-26,+86 295 785 5352,Active,10,4,4
440,Carrissa,Staning,cstaningc7@wufoo.com,2022-11-26,+62 496 211 0745,Active,7,2,9
441,Marta,MacTimpany,mmactimpanyc8@ibm.com,2021-11-27,+267 179 466 8260,Active,4,1,10
442,Morena,Caroll,mcarollc9@newyorker.com,2021-11-30,+86 734 531 9061,Active,8,10,5
443,Marcille,Garford,mgarfordca@statcounter.com,2021-12-26,+966 658 250 6915,Active,6,6,8
444,Myrna,Lainton,mlaintoncb@home.pl,2021-07-29,+57 519 831 3969,Active,10,7,8
445,Igor,Oland,iolandcc@bizjournals.com,2022-04-18,+31 278 659 6802,Active,1,2,8
446,Rogerio,Swanborrow,rswanborrowcd@fotki.com,2022-01-13,+86 289 358 5967,Active,9,8,1
447,Johanna,Bilby,jbilbyce@gizmodo.com,2020-03-04,+269 479 831 0120,Active,5,2,9
448,Martie,Le Noir,mlenoircf@fema.gov,2020-10-30,+856 196 299 8154,Active,5,6,8
449,Kacie,Shewen,kshewencg@blinklist.com,2021-03-19,+46 487 470 1173,Not Active,3,2,6
450,Jaquelin,Curneen,jcurneench@patch.com,2020-07-09,+351 714 453 9718,Active,6,7,5
451,Ann,Wadly,awadlyci@yahoo.com,2022-05-22,+880 630 503 6525,Active,8,6,2
452,Thia,Colliford,tcollifordcj@weibo.com,2022-10-29,+964 575 376 6131,Active,1,10,5
453,Murvyn,Kenright,mkenrightck@examiner.com,2021-02-26,+7 899 896 4047,Active,2,5,1
454,Corney,Vigrass,cvigrasscl@earthlink.net,2022-04-07,+62 733 193 3570,Not Active,5,2,6
455,Weylin,Eley,weleycm@goodreads.com,2020-04-05,+86 808 756 8710,Active,10,1,7
456,Dorothee,Littlejohn,dlittlejohncn@theatlantic.com,2020-11-05,+7 874 794 7230,Active,3,3,9
457,Alasdair,Isenor,aisenorco@dailymail.co.uk,2020-02-23,+1 381 906 4350,Active,4,3,9
458,Ertha,Gilyatt,egilyattcp@ihg.com,2020-02-06,+55 860 617 5268,Active,1,5,2
459,Sherline,Maddin,smaddincq@tiny.cc,2021-08-18,+353 513 505 4444,Active,1,5,6
460,Gran,Callington,gcallingtoncr@github.com,2020-01-13,+62 381 825 1591,Active,7,2,1
461,Jorrie,Vegas,jvegascs@histats.com,2020-06-28,+81 144 146 6605,Active,5,1,4
462,Nicko,Brisley,nbrisleyct@nasa.gov,2022-03-03,+216 509 739 7276,Active,2,6,10
463,Delphine,Greger,dgregercu@networksolutions.com,2021-02-16,+7 901 141 8042,Active,9,3,4
464,Avis,O'Halloran,aohallorancv@mit.edu,2022-09-19,+48 485 373 5601,Active,2,8,9
465,Glori,Posthill,gposthillcw@nifty.com,2021-08-11,+48 794 884 8559,Active,9,9,1
466,Shepard,Kleimt,skleimtcx@telegraph.co.uk,2020-10-10,+52 345 840 1457,Active,8,4,7
467,Hieronymus,Fielder,hfieldercy@liveinternet.ru,2021-02-22,+86 323 472 2550,Active,10,10,2
468,Ignacio,MacCook,imaccookcz@wikia.com,2021-07-27,+7 133 581 0870,Not Active,1,7,4
469,Standford,Hindenburg,shindenburgd0@loc.gov,2020-09-26,+420 939 911 9262,Active,4,2,5
470,Billie,Jeff,bjeffd1@php.net,2022-06-07,+86 782 509 1380,Active,7,5,10
471,Minetta,Eadmead,meadmeadd2@networksolutions.com,2021-09-07,+81 389 171 0071,Active,8,7,10
472,Uriah,Mordin,umordind3@xing.com,2020-09-12,+380 585 141 6758,Not Active,10,9,10
473,Brandy,Terron,bterrond4@usa.gov,2021-07-03,+33 267 790 7454,Not Active,6,2,8
474,Kyle,Skillern,kskillernd5@cafepress.com,2020-06-20,+27 737 844 7679,Not Active,7,7,8
475,Kit,Loody,kloodyd6@clickbank.net,2022-06-11,+62 456 773 8902,Active,9,3,1
476,Britni,Basset,bbassetd7@com.com,2021-09-25,+504 661 358 4377,Not Active,1,8,10
477,Lottie,M'Chirrie,lmchirried8@imgur.com,2021-11-06,+880 262 476 9718,Active,8,10,4
478,Daniela,Meads,dmeadsd9@biblegateway.com,2020-09-25,+420 406 117 0932,Active,6,1,8
479,Henrieta,Padfield,hpadfieldda@prlog.org,2022-11-23,+33 327 424 8007,Active,3,3,9
480,Gwenora,Woodyatt,gwoodyattdb@pen.io,2020-11-05,+389 955 346 9246,Active,9,7,2
481,Shell,Toffano,stoffanodc@imageshack.us,2022-04-23,+7 278 186 5513,Not Active,6,10,3
482,Lorenza,Gilroy,lgilroydd@nhs.uk,2022-05-18,+51 581 468 4336,Not Active,8,10,9
483,Christen,Houchin,chouchinde@dagondesign.com,2021-08-02,+63 579 641 4809,Active,3,1,9
484,Elayne,Corde,ecordedf@simplemachines.org,2022-05-26,+381 393 809 6615,Active,8,5,7
485,Eldin,Fothergill,efothergilldg@stanford.edu,2022-01-26,+420 914 427 8244,Active,3,7,4
486,Elinor,McCarry,emccarrydh@mayoclinic.com,2022-04-28,+504 603 527 8960,Active,8,9,8
487,Nonie,Enoch,nenochdi@usgs.gov,2021-02-09,+230 101 904 6447,Not Active,9,6,5
488,Jenilee,Jago,jjagodj@fda.gov,2020-04-02,+54 290 412 5541,Not Active,10,9,6
489,Margaret,Morphet,mmorphetdk@xinhuanet.com,2020-07-02,+62 516 204 4536,Active,4,5,10
490,Galen,Gye,ggyedl@macromedia.com,2021-07-12,+86 615 251 2673,Active,4,6,5
491,Eula,Pockey,epockeydm@dailymail.co.uk,2020-04-22,+86 916 578 1830,Active,4,2,3
492,Pauli,Barthropp,pbarthroppdn@behance.net,2020-11-22,+593 404 375 6449,Active,6,10,7
493,Briana,Seaborne,bseabornedo@abc.net.au,2022-09-25,+63 249 472 0299,Active,1,7,9
494,Mack,Kendrew,mkendrewdp@nature.com,2022-01-15,+33 132 220 3496,Active,7,4,3
495,Bobinette,Philipsson,bphilipssondq@weather.com,2021-06-30,+351 857 769 5633,Active,3,7,6
496,Nicolas,Goom,ngoomdr@bandcamp.com,2022-07-26,+86 443 565 1967,Active,3,4,8
497,Ansell,Kemwall,akemwallds@bandcamp.com,2020-12-01,+505 901 701 0270,Not Active,8,8,10
498,Ricki,Poupard,rpouparddt@mozilla.org,2022-08-13,+680 908 331 1355,Not Active,1,4,6
499,Dara,Bathow,dbathowdu@abc.net.au,2022-08-18,+62 835 974 5811,Not Active,6,5,8
500,Zaccaria,Valentin,zvalentindv@a8.net,2021-01-11,+86 462 694 8027,Active,4,8,1
501,Jeffie,Doneld,jdonelddw@google.co.uk,2021-07-23,+86 257 569 5171,Not Active,2,9,2
502,Kesley,Horche,khorchedx@yale.edu,2021-12-17,+7 376 640 2693,Not Active,8,5,6
503,Sherie,Briggs,sbriggsdy@google.ca,2021-08-21,+46 875 398 9420,Not Active,2,6,2
504,Tansy,Killen,tkillendz@liveinternet.ru,2020-03-19,+46 110 169 0316,Active,5,9,6
505,Penni,Gasgarth,pgasgarthe0@xinhuanet.com,2021-10-30,+63 649 991 6654,Active,10,10,6
506,Sherline,Linner,slinnere1@wordpress.org,2022-06-10,+98 133 442 9163,Not Active,1,4,1
507,Blithe,O'Fearguise,bofearguisee2@microsoft.com,2020-08-10,+46 396 418 3447,Not Active,3,8,9
508,Jesse,Badger,jbadgere3@hhs.gov,2022-05-17,+420 768 955 1414,Not Active,7,8,5
509,Marena,Yeatman,myeatmane4@constantcontact.com,2021-09-17,+33 469 644 9764,Active,5,2,7
510,Caleb,Cellier,ccelliere5@kickstarter.com,2021-01-20,+86 867 883 8000,Active,9,8,6
511,Beverie,McGriele,bmcgrielee6@feedburner.com,2020-10-15,+374 296 304 5809,Active,8,4,7
512,Cchaddie,Francello,cfrancelloe7@europa.eu,2020-03-25,+51 863 359 9925,Active,3,3,8
513,Fanchette,McCarly,fmccarlye8@digg.com,2021-09-17,+48 705 421 4121,Active,1,10,9
514,Aile,Gutridge,agutridgee9@dailymail.co.uk,2022-07-02,+63 608 100 7842,Active,9,7,2
515,Aridatha,Vedyasov,avedyasovea@miitbeian.gov.cn,2021-02-22,+86 527 520 4783,Not Active,2,6,3
516,Wilmette,Rebillard,wrebillardeb@usatoday.com,2022-08-17,+62 407 375 2666,Active,10,7,4
517,Dede,Goding,dgodingec@shinystat.com,2022-10-11,+46 794 667 6657,Active,3,3,10
518,Wilhelm,Lambersen,wlambersened@vimeo.com,2020-06-20,+86 235 539 1717,Active,1,1,8
519,Elmer,Wemm,ewemmee@sciencedirect.com,2022-07-09,+48 893 369 1310,Active,3,2,8
520,Christos,Creasy,ccreasyef@technorati.com,2022-06-29,+420 110 588 6994,Active,7,1,10
521,Perri,Housbie,phousbieeg@linkedin.com,2021-06-12,+63 375 849 2907,Not Active,6,4,7
522,Lusa,Mishow,lmishoweh@google.co.uk,2021-04-12,+20 737 304 8325,Active,7,3,9
523,Krishnah,Roydon,kroydonei@ft.com,2021-04-28,+81 408 174 2454,Active,2,4,6
524,Janice,Polle,jpolleej@prweb.com,2021-05-13,+81 302 374 0577,Active,5,2,3
525,Twila,Izsak,tizsakek@woothemes.com,2022-04-23,+230 634 430 3605,Active,1,5,9
526,Nikaniki,Marrington,nmarringtonel@merriam-webster.com,2020-12-23,+62 509 378 6579,Active,9,3,9
527,Kimmie,Gowthrop,kgowthropem@freewebs.com,2021-07-11,+63 682 995 7855,Active,4,1,2
528,Katerine,Loft,kloften@prweb.com,2021-07-07,+507 702 886 7510,Not Active,8,2,8
529,Jarrid,Sherbrook,jsherbrookeo@networkadvertising.org,2022-08-19,+30 533 691 0216,Not Active,6,5,3
530,Maxim,Copping,mcoppingep@bloglovin.com,2022-07-16,+7 944 362 7474,Active,4,9,2
531,Shannan,Pitson,spitsoneq@topsy.com,2022-12-25,+242 896 222 1760,Not Active,7,9,1
532,Rosette,Burdfield,rburdfielder@jugem.jp,2021-10-04,+55 276 359 5810,Not Active,8,7,10
533,Bail,Cassells,bcassellses@edublogs.org,2021-06-22,+86 921 182 1150,Not Active,10,1,7
534,Gwenny,Cuschieri,gcuschieriet@guardian.co.uk,2020-11-17,+86 822 827 3291,Active,3,2,5
535,Donnie,Delahunt,ddelahunteu@moonfruit.com,2022-01-17,+86 513 702 5641,Active,9,10,5
536,Adorne,Mayze,amayzeev@com.com,2022-01-03,+62 908 140 1322,Not Active,10,10,5
537,Susie,Vassar,svassarew@instagram.com,2021-01-18,+261 968 662 5657,Active,10,4,2
538,Leandra,Bortolutti,lbortoluttiex@yellowpages.com,2021-06-14,+63 469 292 9043,Active,2,6,4
539,Bran,Espinos,bespinosey@networkadvertising.org,2022-08-23,+86 551 940 7577,Active,8,1,1
540,Katheryn,Wilse,kwilseez@cnn.com,2021-05-28,+504 460 951 1799,Active,1,4,7
541,Gayler,Cranch,gcranchf0@a8.net,2021-04-23,+62 932 503 6726,Not Active,5,2,7
542,Pier,Baxstar,pbaxstarf1@businessweek.com,2022-06-12,+61 611 927 5558,Active,9,6,7
543,Gretta,Bedell,gbedellf2@vistaprint.com,2022-06-04,+351 956 955 3762,Active,5,1,5
544,Douglas,Frampton,dframptonf3@deliciousdays.com,2021-06-07,+355 224 768 2597,Not Active,1,3,6
545,Melisenda,Seagrove,mseagrovef4@youtu.be,2021-04-03,+81 143 987 5185,Active,9,1,10
546,Lyn,Gonthard,lgonthardf5@seesaa.net,2020-02-19,+86 790 697 2296,Active,2,6,7
547,Briny,Darinton,bdarintonf6@europa.eu,2020-10-15,+7 373 987 6123,Active,6,9,9
548,Hurleigh,Paddock,hpaddockf7@seesaa.net,2020-03-24,+86 188 331 8981,Active,1,9,5
549,Katti,Rounding,kroundingf8@netlog.com,2021-06-08,+351 832 916 2392,Not Active,10,3,4
550,Ring,Bourtoumieux,rbourtoumieuxf9@pbs.org,2022-04-19,+251 974 677 7668,Active,4,7,6
551,Virgina,Cathenod,vcathenodfa@netvibes.com,2020-10-11,+261 588 199 9545,Active,6,5,10
552,Shir,Orbon,sorbonfb@unesco.org,2020-08-08,+351 417 241 7625,Active,5,9,4
553,Astrix,Cheverton,achevertonfc@mysql.com,2021-10-13,+7 431 653 7505,Active,9,6,6
554,Beltran,Hirche,bhirchefd@fda.gov,2021-07-02,+54 345 725 4234,Active,3,4,1
555,Donnie,McMurdo,dmcmurdofe@friendfeed.com,2020-01-26,+86 372 157 5483,Not Active,6,4,4
556,Sharon,Chataignier,schataignierff@prlog.org,2022-12-27,+1 989 176 3011,Not Active,9,9,7
557,Yank,Cauley,ycauleyfg@craigslist.org,2020-07-01,+62 373 136 8252,Not Active,4,2,9
558,Clarey,Pinchon,cpinchonfh@cloudflare.com,2020-02-19,+63 311 511 5145,Not Active,10,10,2
559,Townie,Peepall,tpeepallfi@vkontakte.ru,2020-03-26,+31 177 545 5319,Active,2,3,10
560,Karoline,Cartmill,kcartmillfj@bravesites.com,2021-03-03,+62 748 760 7016,Active,2,3,5
561,Zachary,Blague,zblaguefk@icio.us,2020-12-23,+62 658 550 0535,Active,4,7,8
562,Bobbe,Blundell,bblundellfl@joomla.org,2021-03-04,+1 861 668 3149,Not Active,8,5,9
563,Bernadene,Citrine,bcitrinefm@mit.edu,2022-02-26,+46 471 498 6197,Not Active,9,6,9
564,Levin,Glyne,lglynefn@google.co.uk,2021-02-15,+7 338 847 4715,Active,9,7,4
565,Hilarius,Dowtry,hdowtryfo@nydailynews.com,2022-08-08,+353 142 821 1505,Not Active,3,3,2
566,Bernie,Richings,brichingsfp@vkontakte.ru,2021-12-04,+234 753 600 1131,Not Active,1,3,1
567,Byrann,Bonhill,bbonhillfq@yandex.ru,2021-07-05,+974 349 966 7540,Active,10,8,7
568,Wat,Arkwright,warkwrightfr@diigo.com,2022-05-24,+46 113 393 0488,Active,4,5,4
569,Leo,Pennrington,lpennringtonfs@reverbnation.com,2021-11-06,+33 835 727 0083,Not Active,8,4,5
570,Roy,Terrey,rterreyft@tripod.com,2021-07-24,+1 141 905 0926,Active,1,8,3
571,Rubia,Phuprate,rphupratefu@free.fr,2021-03-25,+93 245 328 6673,Active,4,2,3
572,Aryn,Franseco,afransecofv@phoca.cz,2021-03-15,+351 473 566 5424,Active,4,6,9
573,Starr,Witsey,switseyfw@mozilla.org,2020-02-06,+55 185 708 5241,Active,5,9,7
574,Melisandra,Bingell,mbingellfx@accuweather.com,2020-06-01,+351 675 751 7372,Active,1,2,2
575,Melinde,Flatte,mflattefy@purevolume.com,2020-10-19,+33 255 554 6764,Active,1,1,1
576,Zarah,Whilde,zwhildefz@princeton.edu,2020-07-10,+46 741 512 4133,Active,2,3,4
577,Melonie,Siderfin,msiderfing0@nih.gov,2020-10-30,+381 182 385 1157,Active,10,6,3
578,Jacquenette,Ramsay,jramsayg1@nydailynews.com,2020-11-20,+27 604 831 0168,Active,5,7,2
579,Geneva,Jarrette,gjarretteg2@odnoklassniki.ru,2020-11-17,+62 559 240 0496,Not Active,7,6,1
580,Susan,De Bruin,sdebruing3@jiathis.com,2021-01-01,+690 231 428 9306,Not Active,7,4,6
581,Phyllida,Shorto,pshortog4@msu.edu,2020-08-24,+55 855 480 8651,Active,3,10,1
582,Dorey,Leeman,dleemang5@whitehouse.gov,2022-04-02,+63 607 354 6511,Active,2,6,8
583,Maren,Lough,mloughg6@cmu.edu,2021-03-16,+212 716 641 2305,Active,1,8,6
584,Emelyne,Eakin,eeaking7@hao123.com,2020-09-05,+62 257 699 8323,Not Active,3,8,7
585,Vanda,Somersett,vsomersettg8@flickr.com,2020-05-05,+48 500 626 2055,Active,5,5,1
586,Philis,Baffin,pbaffing9@printfriendly.com,2020-01-15,+86 219 791 6344,Active,7,2,10
587,Vittorio,Lafranconi,vlafranconiga@hud.gov,2022-03-21,+63 273 742 6050,Active,6,3,4
588,Essy,Blazek,eblazekgb@globo.com,2021-11-03,+62 681 882 5084,Active,1,10,4
589,Laurie,Ambrosoni,lambrosonigc@networksolutions.com,2022-08-14,+33 259 230 4978,Not Active,9,7,7
590,Reinaldo,Barfitt,rbarfittgd@facebook.com,2020-10-28,+998 891 184 5589,Active,3,9,5
591,Elicia,Lavender,elavenderge@hostgator.com,2021-03-09,+54 727 609 3247,Active,7,1,2
592,Ashbey,Dyerson,adyersongf@mozilla.com,2020-03-21,+62 677 833 1621,Not Active,1,8,9
593,Adolf,Zuppa,azuppagg@desdev.cn,2021-12-03,+63 339 457 3262,Active,10,3,10
594,Nolly,Ferreres,nferreresgh@fastcompany.com,2021-06-30,+967 672 514 8744,Active,4,2,1
595,Marley,Faux,mfauxgi@ted.com,2020-05-02,+46 926 131 3740,Not Active,8,9,3
596,Petronilla,Moncur,pmoncurgj@spotify.com,2021-06-12,+7 998 389 0154,Not Active,1,3,8
597,Windham,Walton,wwaltongk@google.it,2020-02-13,+86 592 578 1354,Active,3,7,6
598,Muhammad,Collet,mcolletgl@fotki.com,2021-05-07,+57 249 229 1362,Active,10,6,2
599,Alameda,Bosdet,abosdetgm@pinterest.com,2020-04-21,+48 755 769 8041,Active,4,2,7
600,Jacques,MacElholm,jmacelholmgn@bluehost.com,2020-10-06,+7 648 422 7569,Active,3,8,5
601,Jobie,Shorie,jshoriego@phoca.cz,2020-08-31,+63 686 323 4243,Active,4,5,10
602,Wildon,Downie,wdowniegp@patch.com,2021-07-04,+46 839 786 6366,Active,7,2,3
603,Phyllis,Pentony,ppentonygq@netscape.com,2021-07-05,+86 350 171 7435,Not Active,1,5,2
604,Jasmine,Grieger,jgriegergr@sciencedaily.com,2022-10-29,+504 191 175 3987,Not Active,1,3,2
605,Natalya,Overstone,noverstonegs@kickstarter.com,2022-09-06,+1 717 731 6781,Active,9,10,7
606,Aubine,Humble,ahumblegt@mapquest.com,2020-12-25,+420 630 598 1968,Not Active,8,6,4
607,Nels,Sclanders,nsclandersgu@ebay.co.uk,2021-11-16,+63 664 715 0707,Active,3,7,8
608,Turner,Cockney,tcockneygv@theguardian.com,2022-12-12,+234 941 234 0688,Not Active,5,10,1
609,Selie,Durbyn,sdurbyngw@rediff.com,2021-10-26,+351 418 329 3604,Active,5,9,3
610,Ashil,Arstingall,aarstingallgx@baidu.com,2021-12-28,+86 702 904 6161,Active,5,1,1
611,Alfonse,Wittering,awitteringgy@xing.com,2020-04-13,+351 206 921 6237,Active,6,9,10
612,Roselle,Ilieve,rilievegz@state.gov,2021-12-30,+7 202 544 2649,Not Active,1,2,8
613,Lissi,Agron,lagronh0@i2i.jp,2020-09-26,+1 417 676 7635,Active,7,6,9
614,Theodoric,Chasteney,tchasteneyh1@ovh.net,2020-05-30,+62 250 686 6092,Active,1,2,9
615,Camila,Corah,ccorahh2@archive.org,2022-02-20,+33 379 648 4433,Active,10,6,8
616,Eziechiele,Boord,eboordh3@washington.edu,2022-04-13,+54 699 441 0291,Active,6,2,10
617,Kerry,Bohlin,kbohlinh4@tripod.com,2020-01-09,+375 814 499 2048,Not Active,5,2,5
618,Celina,Elphey,celpheyh5@yahoo.com,2022-12-29,+63 996 315 2763,Active,3,1,4
619,Diarmid,Tapply,dtapplyh6@samsung.com,2021-06-28,+86 154 755 7051,Active,7,3,8
620,Sammy,Wintour,swintourh7@theguardian.com,2021-07-29,+62 790 917 2503,Active,9,9,6
621,Barbette,Casin,bcasinh8@harvard.edu,2022-06-07,+963 950 354 0424,Not Active,7,4,7
622,Gypsy,Auden,gaudenh9@exblog.jp,2020-06-27,+86 256 319 7321,Active,4,1,1
623,Nariko,Foulsham,nfoulshamha@so-net.ne.jp,2020-05-11,+596 645 347 0259,Active,9,4,9
624,Briana,Pariss,bparisshb@tmall.com,2021-03-15,+60 195 650 9869,Active,1,6,1
625,Thia,Lord,tlordhc@hatena.ne.jp,2022-11-13,+86 927 831 5436,Active,8,7,10
626,Aksel,Johnson,ajohnsonhd@barnesandnoble.com,2022-09-28,+62 126 990 2604,Active,6,9,7
627,Robinia,Willard,rwillardhe@mashable.com,2021-04-21,+47 368 186 2039,Active,1,5,9
628,Nananne,Maase,nmaasehf@mysql.com,2020-01-02,+86 544 875 5741,Not Active,3,9,7
629,Hali,Scrowby,hscrowbyhg@deviantart.com,2021-01-04,+355 753 416 8090,Active,2,3,10
630,Lotty,MacMarcuis,lmacmarcuishh@fc2.com,2021-01-12,+86 782 172 3564,Not Active,6,5,3
631,Bogart,Danels,bdanelshi@google.de,2022-12-29,+355 601 125 1411,Not Active,9,1,8
632,Montgomery,Pittet,mpittethj@elpais.com,2020-11-12,+86 715 850 5394,Active,10,10,9
633,Marleah,McCourt,mmccourthk@ihg.com,2021-01-23,+86 846 218 1105,Active,3,8,8
634,Rona,Keitch,rkeitchhl@washington.edu,2020-05-22,+7 883 546 7791,Active,2,4,7
635,Stephanie,Skepper,sskepperhm@cnn.com,2022-09-21,+86 141 508 0680,Active,4,8,3
636,Carlene,Beartup,cbeartuphn@github.com,2020-03-26,+86 694 222 1775,Active,9,8,2
637,Jaymee,Giannazzi,jgiannazziho@dailymail.co.uk,2022-09-07,+237 514 513 0318,Active,4,1,9
638,Phillip,Gobbet,pgobbethp@china.com.cn,2022-01-10,+86 646 718 2413,Active,4,10,1
639,Theressa,Baudin,tbaudinhq@springer.com,2021-06-17,+967 711 941 9261,Active,1,1,8
640,Lolita,Viveash,lviveashhr@nature.com,2022-11-10,+63 699 383 2582,Not Active,2,6,9
641,Petunia,Dudeney,pdudeneyhs@quantcast.com,2022-05-29,+1 447 665 0772,Active,2,10,9
642,Jacintha,Redding,jreddinght@flickr.com,2022-04-10,+66 629 702 1974,Active,10,4,4
643,Xena,Holburn,xholburnhu@bloglines.com,2022-02-04,+7 165 447 7422,Not Active,8,4,9
644,Sharai,Vezey,svezeyhv@clickbank.net,2021-01-16,+7 694 241 7663,Active,4,5,8
645,Candie,Rollinson,crollinsonhw@walmart.com,2020-12-09,+385 893 407 2883,Not Active,6,6,1
646,Adel,Novkovic,anovkovichx@bloomberg.com,2021-10-25,+57 554 303 7059,Active,10,2,1
647,Barbe,Pascoe,bpascoehy@msn.com,2020-11-05,+975 173 363 2241,Active,9,10,7
648,Ame,Corbert,acorberthz@samsung.com,2021-07-20,+86 514 791 4654,Not Active,2,3,2
649,Timothee,Lindeboom,tlindeboomi0@newyorker.com,2020-08-03,+86 889 495 3272,Not Active,9,4,4
650,Millie,Tomsett,mtomsetti1@latimes.com,2020-08-04,+7 275 216 9813,Not Active,10,10,4
651,Melisent,Lytell,mlytelli2@prnewswire.com,2021-02-20,+1 404 787 0162,Active,9,9,1
652,Dennison,Eronie,deroniei3@businesswire.com,2020-05-13,+55 578 679 7130,Active,3,8,5
653,Lyman,Munnings,lmunningsi4@macromedia.com,2021-07-21,+55 529 123 5577,Active,5,9,9
654,Ginny,Ragat,gragati5@constantcontact.com,2022-07-09,+86 646 532 3419,Not Active,2,2,4
655,Serena,Hubbucke,shubbuckei6@paginegialle.it,2021-08-28,+54 214 571 7816,Active,4,5,8
656,Valera,Freathy,vfreathyi7@prlog.org,2021-02-09,+63 502 834 7322,Active,4,3,1
657,Thomasina,Dehn,tdehni8@blinklist.com,2022-08-17,+62 704 750 1764,Active,8,7,5
658,Ilsa,Petersen,ipeterseni9@gnu.org,2020-01-20,+351 484 566 8737,Active,5,7,7
659,Evita,Maskell,emaskellia@istockphoto.com,2022-08-28,+7 948 578 5237,Active,3,4,7
660,Scott,Hryncewicz,shryncewiczib@biblegateway.com,2020-07-19,+970 654 351 2125,Active,1,10,9
661,Charity,Bartle,cbartleic@icq.com,2020-10-13,+880 740 164 1710,Active,3,3,4
662,Katherina,Casey,kcaseyid@amazon.de,2021-02-16,+46 498 953 2649,Active,8,3,9
663,Griffie,Hembry,ghembryie@soup.io,2022-02-23,+63 654 296 0724,Active,7,4,7
664,Lindsey,MacKeeg,lmackeegif@mapquest.com,2021-07-15,+62 575 733 2959,Not Active,6,10,7
665,Eveleen,Glinde,eglindeig@biglobe.ne.jp,2021-07-12,+381 824 595 5112,Active,7,8,8
666,Maddalena,Stormouth,mstormouthih@etsy.com,2021-12-30,+46 260 940 1385,Active,8,3,5
667,Alejandra,Gage,agageii@qq.com,2022-11-02,+63 515 695 7982,Active,5,7,10
668,Bunnie,Kerner,bkernerij@netscape.com,2021-05-26,+86 697 179 1448,Active,3,2,9
669,Sallyanne,Dobey,sdobeyik@whitehouse.gov,2021-02-01,+255 568 720 8205,Active,3,7,9
670,Cathe,Novkovic,cnovkovicil@sogou.com,2020-02-07,+385 749 836 9330,Active,8,5,8
671,Frasier,Pinks,fpinksim@usgs.gov,2020-01-31,+351 390 967 2270,Active,2,5,1
672,Ally,Salan,asalanin@163.com,2022-03-26,+46 229 770 0320,Active,10,7,10
673,Marie-jeanne,Athow,mathowio@biglobe.ne.jp,2022-10-26,+98 781 473 5960,Active,1,10,9
674,Delilah,Ayer,dayerip@last.fm,2021-10-25,+62 978 585 5152,Active,7,4,6
675,Ring,Ollive,rolliveiq@about.me,2021-06-13,+48 518 504 6923,Active,3,2,8
676,Sheffie,Barnaby,sbarnabyir@bbb.org,2020-11-16,+62 656 801 1504,Not Active,1,6,10
677,Cleo,Kaming,ckamingis@theglobeandmail.com,2020-08-23,+86 478 268 4055,Not Active,9,10,9
678,Terrill,Howler,thowlerit@google.com,2022-05-17,+48 807 693 7426,Active,6,10,1
679,Sile,Coard,scoardiu@mozilla.org,2020-06-02,+351 247 412 9485,Active,8,9,3
680,Miltie,Bearn,mbearniv@hubpages.com,2021-09-11,+234 613 436 6699,Active,7,2,3
681,Casper,Stolle,cstolleiw@nba.com,2020-04-10,+963 589 247 7759,Active,3,1,3
682,Lelah,Brearley,lbrearleyix@google.co.uk,2022-12-29,+351 979 716 1403,Active,6,9,6
683,Launce,Bakesef,lbakesefiy@washingtonpost.com,2021-07-23,+267 513 714 2045,Active,10,7,7
684,Jarrid,Winterburn,jwinterburniz@multiply.com,2020-07-02,+48 902 913 4057,Not Active,8,6,7
685,Maiga,Ewebank,mewebankj0@google.co.uk,2021-07-22,+84 197 389 7375,Active,8,6,5
686,Velvet,D'Antoni,vdantonij1@businessinsider.com,2021-05-12,+33 547 713 5596,Active,9,9,2
687,Kaylyn,Forrester,kforresterj2@nhs.uk,2022-11-14,+963 831 952 3644,Not Active,7,10,10
688,Julia,Denziloe,jdenziloej3@youku.com,2021-05-14,+260 930 680 8543,Active,5,3,10
689,Kingsley,Twinn,ktwinnj4@mozilla.com,2021-02-24,+86 718 182 8060,Active,4,8,3
690,Shaylynn,Motto,smottoj5@canalblog.com,2021-01-31,+86 548 659 7792,Active,8,5,8
691,Korella,Mingaud,kmingaudj6@yolasite.com,2020-03-26,+380 314 610 5188,Active,9,3,9
692,Conrado,Augur,caugurj7@parallels.com,2021-07-13,+55 452 286 8577,Active,7,3,3
693,Israel,Joseph,ijosephj8@craigslist.org,2022-12-18,+58 759 236 9158,Active,2,4,6
694,Gisele,Muglestone,gmuglestonej9@ycombinator.com,2021-12-07,+86 615 847 2219,Active,6,8,1
695,Micheil,Stivani,mstivanija@epa.gov,2021-08-07,+7 908 733 4342,Active,4,1,6
696,Clementine,Seemmonds,cseemmondsjb@google.com.au,2021-09-27,+86 531 515 1664,Not Active,5,10,7
697,Butch,Squibb,bsquibbjc@biblegateway.com,2020-03-11,+20 946 146 4650,Active,6,10,4
698,Hephzibah,Shakesbye,hshakesbyejd@gizmodo.com,2020-04-30,+62 811 124 8196,Active,7,3,6
699,Marcy,Bergstrand,mbergstrandje@oaic.gov.au,2022-04-19,+84 213 983 9547,Active,5,7,7
700,Gilligan,Covendon,gcovendonjf@paginegialle.it,2022-06-20,+228 318 243 2025,Active,6,8,3
701,Matthaeus,Erridge,merridgejg@youtube.com,2020-11-06,+86 144 963 9417,Active,7,9,9
702,Bell,Obell,bobelljh@ocn.ne.jp,2021-11-05,+86 389 549 9229,Active,9,3,1
703,Regine,Bampkin,rbampkinji@independent.co.uk,2022-02-22,+380 669 187 7375,Active,7,3,6
704,Neddie,Boyford,nboyfordjj@cocolog-nifty.com,2021-06-24,+66 417 737 0690,Active,4,3,9
705,Myrvyn,Mailey,mmaileyjk@geocities.jp,2021-05-31,+86 280 128 8406,Active,6,8,3
706,Laural,Cavey,lcaveyjl@wired.com,2022-04-08,+86 868 708 1171,Active,5,10,1
707,Garik,Schaumann,gschaumannjm@cdbaby.com,2021-09-09,+46 494 475 9960,Active,6,4,10
708,Ottilie,Ford,ofordjn@jimdo.com,2020-06-01,+62 386 948 9458,Active,10,3,5
709,Cletis,Itzkov,citzkovjo@weibo.com,2022-05-27,+212 231 654 8813,Active,8,4,1
710,Bevan,De Haven,bdehavenjp@liveinternet.ru,2022-08-22,+593 837 687 3995,Active,2,4,4
711,Benn,Duding,bdudingjq@cafepress.com,2022-11-12,+7 421 596 5162,Active,3,4,7
712,Jarid,Belsey,jbelseyjr@multiply.com,2020-11-13,+380 244 704 5922,Active,7,7,9
713,Seka,Bateman,sbatemanjs@cdc.gov,2020-04-06,+591 936 841 3719,Not Active,4,8,4
714,Darnell,Hickisson,dhickissonjt@scientificamerican.com,2021-03-09,+1 168 663 5738,Active,5,1,7
715,Chester,Gonzalo,cgonzaloju@bluehost.com,2020-03-18,+55 297 328 2894,Active,10,1,1
716,Jazmin,Lindl,jlindljv@blogs.com,2021-12-23,+47 933 915 5116,Not Active,4,6,10
717,Cob,Bearfoot,cbearfootjw@com.com,2020-05-07,+86 613 631 7249,Active,8,2,4
718,Gray,Sarfass,gsarfassjx@bloglovin.com,2021-03-29,+86 717 243 6295,Active,5,8,9
719,Rouvin,Juares,rjuaresjy@indiatimes.com,2020-04-17,+7 966 681 0474,Active,7,2,1
720,Pascal,Monelle,pmonellejz@phoca.cz,2020-05-05,+63 648 769 5524,Not Active,4,9,8
721,Horatius,Mibourne,hmibournek0@youtube.com,2022-05-07,+27 983 389 2654,Active,4,4,4
722,Sasha,Huzzay,shuzzayk1@cornell.edu,2020-11-15,+216 612 977 7528,Active,6,10,4
723,Michel,Pach,mpachk2@woothemes.com,2021-04-19,+7 634 977 3844,Active,5,5,4
724,Burl,Stelli,bstellik3@cornell.edu,2022-04-05,+66 727 238 1388,Active,10,8,10
725,Westley,de la Valette Parisot,wdelavaletteparisotk4@bandcamp.com,2020-08-08,+7 990 878 8881,Active,3,4,9
726,Ilysa,Urion,iurionk5@usa.gov,2020-01-31,+351 777 542 4332,Active,4,9,7
727,Darline,Whistlecroft,dwhistlecroftk6@nationalgeographic.com,2022-12-29,+33 116 590 1551,Active,10,4,5
728,Trisha,Sheerin,tsheerink7@squarespace.com,2022-10-20,+351 537 679 5415,Active,7,8,9
729,Marji,Lamburn,mlamburnk8@latimes.com,2022-04-18,+92 209 591 5061,Active,8,2,8
730,Emilia,Lardnar,elardnark9@disqus.com,2020-11-05,+224 362 118 3435,Active,9,7,10
731,Grier,Guthrum,gguthrumka@parallels.com,2022-05-20,+502 594 497 3417,Active,8,4,9
732,Barrie,Paffitt,bpaffittkb@cbsnews.com,2021-05-09,+86 728 838 3578,Not Active,5,9,8
733,Lanette,Coughan,lcoughankc@opensource.org,2021-04-12,+86 918 976 1139,Active,7,9,10
734,Sansone,Eagar,seagarkd@cafepress.com,2020-09-27,+220 298 477 8726,Active,9,6,3
735,Anastasia,Austing,aaustingke@latimes.com,2020-06-04,+380 307 792 5369,Active,6,10,8
736,Sydney,Cluatt,scluattkf@samsung.com,2020-01-07,+7 488 667 9492,Active,10,10,9
737,Anni,Nisby,anisbykg@360.cn,2022-12-07,+62 900 733 9127,Not Active,10,7,7
738,Angeli,Geffe,ageffekh@myspace.com,2022-12-06,+57 408 445 3641,Active,7,5,8
739,Elfreda,Folbigg,efolbiggki@discuz.net,2022-07-23,+48 712 171 5598,Active,6,2,7
740,Marena,Roxby,mroxbykj@constantcontact.com,2022-01-08,+258 299 482 8154,Active,2,8,9
741,Lenard,Faragher,lfaragherkk@usgs.gov,2022-07-19,+86 594 796 6608,Not Active,5,1,5
742,Cedric,Duplain,cduplainkl@altervista.org,2021-01-17,+1 434 195 6195,Active,10,1,4
743,Howie,Neames,hneameskm@hostgator.com,2021-08-10,+86 282 645 9394,Not Active,7,9,3
744,Justino,Castrillo,jcastrillokn@europa.eu,2020-10-12,+86 965 996 6821,Active,8,3,10
745,Butch,Lockett,blockettko@macromedia.com,2022-06-27,+30 665 189 3208,Active,8,6,8
746,Lori,Andreazzi,landreazzikp@issuu.com,2020-03-25,+63 650 929 0490,Active,9,2,9
747,Angelique,Percifull,apercifullkq@nhs.uk,2020-11-20,+86 287 778 6363,Active,1,8,9
748,Debbi,Ivanchov,divanchovkr@digg.com,2022-06-08,+55 631 109 7945,Not Active,4,4,9
749,Brandtr,Hoyer,bhoyerks@theglobeandmail.com,2020-01-09,+30 373 399 6100,Not Active,6,2,10
750,Garner,Marciek,gmarciekkt@google.ca,2022-05-25,+48 216 371 4014,Not Active,10,7,1
751,Inesita,McGing,imcgingku@va.gov,2022-06-08,+380 647 685 7340,Active,4,6,4
752,Benedikt,Sorel,bsorelkv@behance.net,2020-08-23,+375 618 826 4421,Not Active,1,6,9
753,Gabriellia,Mackin,gmackinkw@webeden.co.uk,2022-02-27,+62 965 547 1229,Active,10,4,10
754,Marley,Sheather,msheatherkx@slate.com,2020-12-05,+86 609 715 4805,Not Active,3,10,7
755,Rosaline,Heymes,rheymesky@yelp.com,2021-04-06,+371 501 669 0932,Active,7,5,5
756,Jordan,Foxon,jfoxonkz@hc360.com,2021-03-15,+963 283 370 4382,Active,6,3,9
757,Melisande,Sadat,msadatl0@dyndns.org,2021-09-11,+420 935 183 3465,Active,5,3,5
758,Caryl,Stringfellow,cstringfellowl1@purevolume.com,2020-02-11,+1 202 832 5080,Active,2,2,7
759,Allistir,Dennerley,adennerleyl2@usgs.gov,2022-11-13,+351 190 332 3895,Active,2,5,10
760,Gerhard,Shirland,gshirlandl3@ycombinator.com,2020-09-07,+351 323 315 9550,Active,9,9,3
761,Berty,Kynder,bkynderl4@amazon.co.uk,2020-03-10,+54 586 157 5322,Not Active,7,2,3
762,Mikael,Laurence,mlaurencel5@geocities.jp,2021-06-30,+86 763 854 1771,Active,4,3,9
763,Gay,Alessandrelli,galessandrellil6@sciencedaily.com,2021-09-10,+62 366 205 2770,Active,1,9,9
764,Marion,Blaxall,mblaxalll7@exblog.jp,2021-12-01,+55 502 668 2779,Active,10,5,2
765,Krystalle,Hazelton,khazeltonl8@indiatimes.com,2022-11-30,+62 370 996 5360,Active,1,5,8
766,Stefa,Bauduin,sbauduinl9@howstuffworks.com,2020-12-01,+55 653 776 4501,Active,2,5,6
767,Lesya,Griffitt,lgriffittla@opensource.org,2021-08-28,+963 638 945 8465,Active,10,5,2
768,Phip,Heady,pheadylb@state.gov,2022-12-24,+58 849 962 2180,Active,5,6,2
769,Gwenette,Tordoff,gtordofflc@bloglines.com,2021-01-10,+358 864 129 3791,Active,1,1,9
770,Tann,Santon,tsantonld@illinois.edu,2020-05-07,+86 766 893 4295,Active,5,8,6
771,Therine,Dmitrovic,tdmitrovicle@illinois.edu,2022-09-06,+976 826 654 2175,Active,10,3,9
772,Burty,Azema,bazemalf@globo.com,2020-09-20,+86 591 148 7649,Active,6,2,1
773,Gilly,Soughton,gsoughtonlg@scribd.com,2022-02-10,+98 164 748 2287,Active,10,6,3
774,Marthena,Elders,melderslh@pagesperso-orange.fr,2020-05-16,+7 320 942 1080,Active,1,5,7
775,Audrey,Loughlan,aloughlanli@vk.com,2021-04-18,+1 504 217 3804,Not Active,10,3,9
776,Bernetta,Adamiak,badamiaklj@youtu.be,2021-05-30,+86 306 471 2945,Active,4,10,8
777,Debbie,Simka,dsimkalk@time.com,2021-09-18,+54 191 907 8690,Not Active,7,2,7
778,Eustacia,Hunnawill,ehunnawillll@slideshare.net,2020-05-10,+84 896 146 8464,Active,3,9,10
779,Sawyer,Wolland,swollandlm@domainmarket.com,2021-01-27,+7 580 542 3294,Active,3,2,8
780,Cornall,McGurgan,cmcgurganln@ox.ac.uk,2022-05-10,+1 233 250 6835,Not Active,6,2,4
781,Jacquenette,Alldread,jalldreadlo@list-manage.com,2022-08-29,+380 283 535 3708,Active,6,6,1
782,Ced,Winpenny,cwinpennylp@clickbank.net,2021-10-02,+62 484 196 2283,Active,6,3,7
783,Karney,Tooze,ktoozelq@oaic.gov.au,2020-05-23,+86 933 469 3292,Not Active,4,3,4
784,Constancia,Bice,cbicelr@prlog.org,2021-10-20,+7 686 814 2652,Not Active,6,9,8
785,Quintana,Ebbett,qebbettls@bloglines.com,2022-07-19,+687 650 767 9610,Active,1,10,10
786,Lucienne,Pughsley,lpughsleylt@zimbio.com,2020-08-05,+420 698 968 4404,Active,8,6,10
787,Major,Bes,mbeslu@odnoklassniki.ru,2022-01-21,+86 314 623 9508,Active,3,8,4
788,Tana,Arnould,tarnouldlv@yellowpages.com,2020-04-23,+92 474 545 6912,Not Active,9,4,5
789,Maritsa,Kayes,mkayeslw@nytimes.com,2021-06-26,+353 555 887 5011,Active,1,9,5
790,Yettie,Camlin,ycamlinlx@weibo.com,2022-08-03,+86 118 787 5629,Active,6,1,6
791,Adda,MacEvilly,amacevillyly@sakura.ne.jp,2020-06-05,+351 475 685 1456,Active,1,8,1
792,Eva,Gremain,egremainlz@toplist.cz,2020-12-29,+46 900 432 9697,Active,1,3,10
793,Liane,Myhill,lmyhillm0@tamu.edu,2021-08-05,+46 920 150 0708,Active,2,1,6
794,Judah,Cisland,jcislandm1@booking.com,2020-05-21,+54 481 126 4453,Active,7,4,10
795,Kelley,Staite,kstaitem2@cdbaby.com,2022-08-05,+264 304 545 7202,Active,6,3,9
796,Laurens,Kalisch,lkalischm3@hatena.ne.jp,2021-09-29,+86 592 460 3917,Active,8,9,8
797,Felicle,Wreak,fwreakm4@plala.or.jp,2021-10-21,+62 361 742 4514,Not Active,10,3,4
798,Fons,Jollye,fjollyem5@facebook.com,2020-04-16,+993 291 477 3450,Active,8,6,1
799,Donielle,Birtwistle,dbirtwistlem6@scribd.com,2022-03-27,+1 915 344 7395,Not Active,5,10,5
800,Sibella,McCobb,smccobbm7@nytimes.com,2022-11-28,+420 384 487 8352,Active,3,10,9
801,Merrily,Cumpsty,mcumpstym8@github.com,2022-05-24,+86 436 188 5816,Active,2,1,3
802,Raeann,Krelle,rkrellem9@go.com,2021-09-27,+62 418 326 8925,Active,3,3,7
803,Maryanna,Streetley,mstreetleyma@bloomberg.com,2021-05-17,+62 462 982 2410,Not Active,4,7,3
804,Codi,Spinnace,cspinnacemb@va.gov,2022-06-22,+7 546 619 1504,Active,6,7,10
805,Annice,Burdett,aburdettmc@technorati.com,2021-04-04,+62 949 849 1244,Active,2,6,8
806,Rowney,Bullen,rbullenmd@umich.edu,2020-07-25,+63 351 431 1389,Active,10,1,4
807,Griffith,Girhard,ggirhardme@issuu.com,2020-12-28,+86 242 716 1087,Active,9,3,7
808,Woodie,Langthorn,wlangthornmf@adobe.com,2021-04-28,+86 675 628 4262,Active,5,10,6
809,Conny,Stubbings,cstubbingsmg@google.ca,2020-05-26,+86 340 509 1055,Active,3,9,8
810,Odelle,Drinkwater,odrinkwatermh@marketwatch.com,2020-10-15,+420 688 719 8362,Active,2,9,2
811,Montague,Cartner,mcartnermi@guardian.co.uk,2021-10-23,+63 763 148 2731,Not Active,3,5,6
812,Brandie,Glover,bglovermj@simplemachines.org,2020-01-30,+995 567 228 3837,Active,9,8,2
813,Raul,Erridge,rerridgemk@cyberchimps.com,2021-01-07,+86 745 378 8050,Active,4,7,7
814,Amery,Fake,afakeml@sitemeter.com,2022-03-31,+353 795 489 6963,Active,9,4,8
815,Janifer,Gower,jgowermm@auda.org.au,2020-01-23,+62 870 257 1128,Active,3,3,4
816,Corrie,Higford,chigfordmn@ask.com,2022-03-18,+420 269 950 0497,Active,2,6,3
817,Fowler,Jolliman,fjollimanmo@bravesites.com,2021-08-28,+7 921 531 1174,Active,2,3,5
818,Tudor,Strass,tstrassmp@freewebs.com,2021-06-19,+7 512 218 8198,Active,3,9,2
819,Torrie,Longson,tlongsonmq@ibm.com,2020-06-06,+374 983 754 2829,Not Active,9,2,1
820,Lissy,Iggalden,liggaldenmr@mysql.com,2022-07-12,+30 736 940 2925,Active,2,3,9
821,Jeddy,Trotter,jtrotterms@nytimes.com,2021-11-20,+1 566 973 0195,Active,9,10,5
822,Kalila,Tenman,ktenmanmt@hexun.com,2020-05-03,+57 131 158 4112,Active,9,4,2
823,Yoshiko,Pobjay,ypobjaymu@ustream.tv,2022-03-03,+33 731 792 4279,Active,10,7,6
824,Killie,Forkan,kforkanmv@ted.com,2020-07-02,+62 762 948 1849,Active,10,5,5
825,Odey,Luetchford,oluetchfordmw@vkontakte.ru,2020-02-25,+380 978 798 2354,Active,4,9,10
826,Christoforo,Quilligan,cquilliganmx@salon.com,2020-08-21,+46 682 975 9440,Not Active,3,4,10
827,Hussein,Narracott,hnarracottmy@howstuffworks.com,2021-04-07,+1 975 599 2473,Active,3,6,3
828,Uriah,Weller,uwellermz@craigslist.org,2021-11-02,+7 671 393 8240,Active,8,7,2
829,Christiane,Levane,clevanen0@google.cn,2020-02-20,+382 413 186 5888,Active,1,10,8
830,Tad,Anscombe,tanscomben1@unblog.fr,2022-02-25,+358 361 476 0596,Active,9,2,4
831,Hew,Nasey,hnaseyn2@wufoo.com,2021-12-03,+48 502 935 5506,Active,2,3,7
832,Bernadette,Seif,bseifn3@cbc.ca,2021-09-25,+355 677 256 4842,Active,5,6,2
833,Davon,Grundey,dgrundeyn4@ezinearticles.com,2020-01-26,+55 870 538 6055,Active,5,7,1
834,Pollyanna,Danzey,pdanzeyn5@free.fr,2021-11-18,+1 419 257 7460,Active,4,2,3
835,Jena,Maceur,jmaceurn6@discovery.com,2022-02-23,+86 840 538 8197,Active,4,1,3
836,Vite,Bresnahan,vbresnahann7@deliciousdays.com,2021-11-26,+47 653 390 7109,Active,3,7,9
837,Denver,Azam,dazamn8@simplemachines.org,2021-10-12,+977 419 893 1342,Active,8,9,8
838,Roshelle,Del Monte,rdelmonten9@free.fr,2021-09-29,+66 612 857 3175,Active,3,10,3
839,Heindrick,Chatenet,hchatenetna@cloudflare.com,2022-10-15,+66 257 905 8759,Active,1,1,3
840,Revkah,Seathwright,rseathwrightnb@redcross.org,2021-09-28,+62 889 713 7349,Active,8,7,6
841,Eloise,Tortoise,etortoisenc@prlog.org,2020-05-11,+62 152 614 7095,Active,4,4,9
842,Eustace,d'Arcy,edarcynd@prlog.org,2021-12-24,+66 637 737 2484,Active,2,5,9
843,Auberta,Keems,akeemsne@infoseek.co.jp,2021-04-20,+375 821 916 6000,Active,4,7,4
844,Mayor,Galloway,mgallowaynf@xrea.com,2021-11-24,+63 677 903 3170,Not Active,6,6,4
845,Isaiah,Edgeller,iedgellerng@theatlantic.com,2021-06-15,+420 578 276 9336,Active,10,7,7
846,Levi,Rabson,lrabsonnh@guardian.co.uk,2020-10-19,+46 956 819 0533,Active,7,4,5
847,Corie,Ponde,cpondeni@newyorker.com,2020-12-21,+7 214 799 4662,Active,9,8,7
848,Poul,Offener,poffenernj@salon.com,2022-07-28,+62 110 129 0587,Active,9,7,1
849,Lin,Varne,lvarnenk@pbs.org,2021-05-23,+33 268 856 3998,Active,4,2,4
850,Tybie,Kleinstub,tkleinstubnl@infoseek.co.jp,2020-04-27,+962 557 895 7640,Active,6,4,8
851,Etienne,Levermore,elevermorenm@quantcast.com,2021-12-26,+351 942 718 5644,Active,5,3,2
852,Tedda,Dummer,tdummernn@blog.com,2021-06-30,+420 720 542 9712,Active,5,10,7
853,Tedd,Brideau,tbrideauno@fema.gov,2020-03-27,+351 726 879 9620,Active,2,6,8
854,Bo,Hindenburg,bhindenburgnp@i2i.jp,2021-05-22,+234 611 654 1352,Active,2,8,3
855,Elianore,Thowless,ethowlessnq@samsung.com,2020-01-28,+81 525 134 5254,Active,4,7,5
856,Doralia,Easterling,deasterlingnr@lulu.com,2022-01-08,+381 829 115 3987,Active,3,7,5
857,Dasi,Kochs,dkochsns@accuweather.com,2020-08-30,+48 135 498 5682,Active,3,3,4
858,Meagan,Braker,mbrakernt@acquirethisname.com,2020-07-16,+234 116 696 9162,Not Active,4,7,3
859,Candie,Goublier,cgoubliernu@woothemes.com,2021-02-28,+380 468 697 0410,Active,10,8,1
860,Pru,Lomaz,plomaznv@sourceforge.net,2020-09-10,+63 929 590 6102,Active,5,9,8
861,Theobald,Greenlies,tgreenliesnw@ucla.edu,2020-06-04,+420 859 126 0714,Active,10,5,8
862,Liliane,Drohan,ldrohannx@whitehouse.gov,2020-03-09,+269 739 591 7176,Not Active,10,5,3
863,Maren,Fronsek,mfronsekny@shop-pro.jp,2021-06-18,+63 884 865 7431,Not Active,9,2,5
864,Uri,Haskins,uhaskinsnz@amazon.co.jp,2022-10-10,+57 839 597 3510,Active,3,3,7
865,Lawton,McClay,lmcclayo0@gizmodo.com,2021-03-20,+7 834 292 0008,Active,4,3,4
866,Lona,Tolchard,ltolchardo1@goodreads.com,2022-02-18,+7 902 596 8921,Active,2,10,3
867,Anabella,Medley,amedleyo2@squarespace.com,2022-04-19,+1 727 166 3677,Not Active,8,9,1
868,Barbra,Gorrie,bgorrieo3@quantcast.com,2022-11-10,+62 240 212 0478,Active,2,6,8
869,Reuben,Whitelock,rwhitelocko4@bigcartel.com,2020-09-16,+86 875 828 3322,Active,5,3,9
870,Lind,Gerok,lgeroko5@vimeo.com,2022-08-02,+86 160 862 0154,Active,6,6,8
871,Julia,Hallard,jhallardo6@multiply.com,2021-07-22,+358 346 664 2258,Active,5,5,2
872,Gwenneth,Marshland,gmarshlando7@nhs.uk,2021-09-14,+63 607 840 6280,Active,10,10,6
873,Carree,Patifield,cpatifieldo8@sitemeter.com,2021-11-28,+351 179 691 6753,Active,9,10,6
874,Flint,Todarello,ftodarelloo9@macromedia.com,2020-09-30,+48 713 920 5162,Active,2,9,3
875,Nicole,Toolin,ntoolinoa@nba.com,2020-05-24,+33 499 767 5308,Active,10,8,3
876,Tildi,Newtown,tnewtownob@example.com,2022-05-21,+46 546 329 6819,Active,7,10,4
877,Tomaso,Alderwick,talderwickoc@reference.com,2022-01-25,+7 526 287 9480,Active,2,6,2
878,Netti,McTeer,nmcteerod@marriott.com,2020-08-07,+86 119 136 7433,Active,1,4,7
879,Lothaire,Haburne,lhaburneoe@about.me,2020-02-07,+86 247 621 2597,Active,7,3,5
880,Donnie,Brumhead,dbrumheadof@reference.com,2022-07-22,+86 184 650 2830,Active,5,8,6
881,Hetti,Hinstridge,hhinstridgeog@cbslocal.com,2021-09-06,+63 695 473 2253,Not Active,8,10,7
882,Merle,Toye,mtoyeoh@ocn.ne.jp,2022-12-09,+261 898 124 8565,Active,5,8,4
883,Larine,Simson,lsimsonoi@clickbank.net,2021-09-23,+86 762 831 4000,Active,6,3,10
884,Ezequiel,Murkin,emurkinoj@barnesandnoble.com,2020-04-19,+86 692 518 9947,Active,1,4,4
885,Hyacintha,Freund,hfreundok@bandcamp.com,2022-03-06,+48 216 144 0780,Active,3,4,10
886,Mandel,Macconaghy,mmacconaghyol@w3.org,2021-01-25,+351 368 393 2590,Active,7,1,3
887,Jobie,How,jhowom@issuu.com,2022-02-10,+63 628 533 6350,Active,8,3,2
888,Jon,McCoish,jmccoishon@cisco.com,2022-04-13,+1 515 327 6895,Active,9,6,8
889,Denys,Crawford,dcrawfordoo@blogtalkradio.com,2022-09-24,+33 310 758 6012,Not Active,6,10,7
890,Dal,Brownsea,dbrownseaop@ifeng.com,2022-04-25,+254 260 989 2123,Active,6,8,2
891,Anson,Nairns,anairnsoq@prnewswire.com,2021-05-26,+380 575 418 3449,Active,6,6,10
892,Glendon,Snowman,gsnowmanor@godaddy.com,2021-02-08,+225 266 135 3398,Active,9,1,6
893,Graham,Charlwood,gcharlwoodos@studiopress.com,2021-11-21,+86 916 424 9319,Not Active,4,8,3
894,Ciel,Penrith,cpenrithot@phoca.cz,2021-02-11,+63 871 629 7188,Active,9,6,5
895,Chad,Sibray,csibrayou@lulu.com,2022-08-23,+86 578 938 0300,Not Active,6,9,10
896,Emery,Couper,ecouperov@washingtonpost.com,2022-05-04,+54 886 537 2874,Active,3,6,5
897,Cybill,Lacknor,clacknorow@slate.com,2021-08-06,+86 760 745 2893,Active,4,10,9
898,Sibylle,Bruhke,sbruhkeox@paypal.com,2021-05-31,+62 778 215 4461,Active,1,6,10
899,Renado,Van der Mark,rvandermarkoy@indiatimes.com,2022-11-03,+63 143 331 0239,Active,4,9,3
900,Ashton,Vallender,avallenderoz@wikispaces.com,2022-09-30,+86 391 852 2429,Active,2,9,9
901,Ermengarde,Hartmann,ehartmannp0@boston.com,2020-12-07,+380 122 365 7896,Not Active,2,10,1
902,Minnnie,Stennet,mstennetp1@webs.com,2020-06-20,+996 577 471 0207,Not Active,1,6,2
903,Carin,Bernhart,cbernhartp2@squidoo.com,2020-08-09,+62 288 238 1168,Active,5,9,3
904,Bebe,Adamsky,badamskyp3@accuweather.com,2021-05-18,+420 784 417 4626,Active,9,6,10
905,Hildy,Kynston,hkynstonp4@php.net,2021-04-06,+234 753 562 7654,Active,2,2,7
906,Nissa,Abazi,nabazip5@google.co.uk,2022-07-27,+7 455 618 3254,Active,1,3,8
907,Ruperto,Chapiro,rchapirop6@wsj.com,2022-03-16,+86 915 564 7842,Not Active,4,9,2
908,Bernardine,Dolohunty,bdolohuntyp7@ucsd.edu,2021-09-25,+63 689 887 9970,Active,1,1,6
909,Timmi,Symones,tsymonesp8@rakuten.co.jp,2021-07-28,+86 709 263 9188,Active,9,2,3
910,Clayborn,Brahan,cbrahanp9@is.gd,2021-03-02,+81 741 146 4009,Active,2,5,8
911,Liv,Lavin,llavinpa@360.cn,2020-05-22,+86 294 427 7964,Active,3,10,3
912,Dode,Brunton,dbruntonpb@opensource.org,2022-01-30,+62 673 401 8604,Not Active,1,2,9
913,Roslyn,Grigore,rgrigorepc@imdb.com,2022-10-03,+7 890 816 5449,Active,2,4,4
914,Briny,Howe,bhowepd@springer.com,2021-01-15,+62 969 961 8477,Active,5,1,4
915,Grethel,Menham,gmenhampe@gravatar.com,2022-03-28,+86 232 352 9326,Active,4,5,2
916,Betsy,Purkiss,bpurkisspf@kickstarter.com,2022-09-02,+55 928 277 7472,Active,9,7,3
917,Bert,Shawyers,bshawyerspg@netlog.com,2020-09-08,+48 274 198 8387,Active,10,8,4
918,Eddi,Crossgrove,ecrossgroveph@symantec.com,2020-06-24,+95 217 681 1933,Active,6,8,6
919,Katine,Lorraway,klorrawaypi@howstuffworks.com,2020-08-07,+1 374 240 6401,Active,4,3,9
920,Elke,Swetman,eswetmanpj@census.gov,2021-04-19,+1 749 776 5248,Active,10,6,4
921,Amalea,Deave,adeavepk@elegantthemes.com,2021-03-15,+55 965 844 4191,Active,4,5,9
922,Nicky,Dennert,ndennertpl@youtu.be,2020-11-19,+244 524 661 6434,Active,9,5,4
923,Forester,Mosedale,fmosedalepm@facebook.com,2022-01-11,+63 293 698 9694,Active,1,6,2
924,Erica,Potzold,epotzoldpn@japanpost.jp,2021-09-18,+351 860 591 9951,Not Active,7,3,4
925,Kaycee,Cannam,kcannampo@unesco.org,2022-12-29,+33 205 210 3692,Not Active,3,10,10
926,Arel,Whayman,awhaymanpp@joomla.org,2020-11-24,+62 880 618 5658,Active,9,2,9
927,Alice,Lisle,alislepq@google.com.br,2022-06-12,+63 332 637 9320,Not Active,4,8,6
928,Jamima,Rattenberie,jrattenberiepr@imgur.com,2021-06-11,+420 918 495 3479,Active,7,6,1
929,Randy,Hodgins,rhodginsps@zdnet.com,2021-01-14,+62 148 493 4264,Not Active,8,7,1
930,Gracia,Halbard,ghalbardpt@printfriendly.com,2020-10-22,+62 357 310 4304,Active,4,3,10
931,Fairleigh,Dougliss,fdouglisspu@networkadvertising.org,2021-10-12,+86 765 470 5387,Active,1,4,1
932,Lilith,Lorenzetto,llorenzettopv@dyndns.org,2021-11-21,+380 416 476 9250,Active,10,7,6
933,Arlie,Jeenes,ajeenespw@amazon.com,2022-09-05,+62 477 417 9543,Active,10,10,4
934,Hube,Winkle,hwinklepx@behance.net,2021-10-02,+420 873 934 4779,Active,1,4,3
935,Edeline,Polotti,epolottipy@buzzfeed.com,2020-12-28,+55 908 421 8809,Active,7,9,9
936,Veronica,Dunsford,vdunsfordpz@nature.com,2022-10-25,+86 970 271 8385,Not Active,2,3,5
937,Krishnah,Assiter,kassiterq0@csmonitor.com,2020-12-21,+966 166 886 2803,Active,9,8,6
938,Lindsey,Blakely,lblakelyq1@springer.com,2022-07-16,+34 488 266 4188,Active,7,2,4
939,Darnall,Hebdon,dhebdonq2@a8.net,2020-07-21,+54 994 463 5910,Not Active,6,9,2
940,Ahmad,Ivins,aivinsq3@diigo.com,2021-09-03,+351 210 561 7265,Active,7,4,8
941,Essy,Nuzzi,enuzziq4@google.com.hk,2020-12-23,+62 222 702 2991,Not Active,6,2,2
942,Sigismond,Cobbe,scobbeq5@addtoany.com,2021-02-22,+7 470 676 4283,Active,2,8,6
943,Nathaniel,Winthrop,nwinthropq6@wisc.edu,2021-06-26,+358 383 817 2676,Active,4,9,3
944,Dyanne,Tierny,dtiernyq7@nature.com,2022-09-20,+62 443 977 9001,Not Active,1,3,4
945,Haleigh,Ties,htiesq8@squidoo.com,2020-09-13,+57 731 792 4344,Active,10,6,2
946,Micheline,Fowls,mfowlsq9@msn.com,2020-01-30,+62 715 753 0235,Active,4,4,9
947,Anatol,Stoeckle,astoeckleqa@wordpress.org,2021-02-13,+383 491 298 3336,Active,4,8,9
948,Elias,Josephson,ejosephsonqb@bluehost.com,2021-10-12,+55 300 926 3235,Active,6,3,10
949,Harbert,Clapston,hclapstonqc@hibu.com,2021-08-24,+62 906 757 3091,Not Active,2,7,10
950,Constantina,Jimson,cjimsonqd@flickr.com,2020-09-13,+86 255 813 7998,Active,1,4,1
951,Ursala,Bachs,ubachsqe@nifty.com,2021-04-09,+86 164 216 5091,Active,8,6,6
952,Zared,Jones,zjonesqf@tumblr.com,2021-10-06,+86 319 241 3046,Not Active,1,3,8
953,Hedy,Pawelek,hpawelekqg@bbb.org,2022-06-10,+31 958 606 8780,Active,7,10,6
954,Yale,Emeny,yemenyqh@quantcast.com,2020-07-24,+62 111 654 0001,Active,7,7,7
955,Phoebe,Rye,pryeqi@hexun.com,2021-12-12,+351 322 946 3479,Active,6,10,1
956,Granville,Winterborne,gwinterborneqj@bloglovin.com,2021-09-05,+34 880 253 3284,Active,4,10,1
957,Anny,Wingeatt,awingeattqk@state.gov,2022-02-07,+62 371 137 3916,Not Active,3,8,7
958,Emyle,Berger,ebergerql@weibo.com,2021-11-19,+507 936 551 6362,Active,3,8,7
959,Essy,Fould,efouldqm@etsy.com,2020-09-05,+86 400 384 5827,Active,3,7,4
960,Kamillah,Bonellie,kbonellieqn@gmpg.org,2020-05-14,+57 132 943 8196,Active,2,4,3
961,Darrick,Hryniewicki,dhryniewickiqo@tripod.com,2021-08-11,+86 403 903 4903,Active,6,10,7
962,Costanza,Caen,ccaenqp@issuu.com,2020-08-08,+54 136 692 1682,Active,7,9,3
963,Doris,Gorey,dgoreyqq@vistaprint.com,2021-01-24,+420 368 555 8163,Active,9,1,3
964,Abigale,Crosen,acrosenqr@wisc.edu,2022-07-11,+33 504 493 9769,Not Active,6,10,8
965,Abigael,Mackrill,amackrillqs@netvibes.com,2021-03-20,+62 307 866 9712,Active,5,5,2
966,Orran,Limer,olimerqt@ted.com,2021-02-03,+351 470 364 0384,Active,10,1,4
967,Loise,Stooders,lstoodersqu@nydailynews.com,2020-02-09,+1 202 286 7322,Active,3,9,7
968,Kaspar,Heggadon,kheggadonqv@who.int,2020-04-11,+60 106 656 8135,Active,4,5,5
969,Harriett,Kacheler,hkachelerqw@un.org,2021-10-24,+359 453 668 7620,Active,4,2,1
970,Wendeline,Meriguet,wmeriguetqx@webmd.com,2020-11-18,+351 944 644 2107,Active,3,9,4
971,Sanders,Strike,sstrikeqy@naver.com,2021-01-10,+86 742 165 3352,Active,3,3,1
972,Bartholemy,Marlen,bmarlenqz@google.fr,2021-07-18,+86 776 586 9690,Active,5,2,4
973,Margarethe,Smidmor,msmidmorr0@fotki.com,2022-04-06,+86 108 291 3803,Active,7,1,9
974,Melitta,Ashlin,mashlinr1@cisco.com,2022-03-19,+86 770 933 4076,Active,3,3,8
975,Clayborne,Beddoes,cbeddoesr2@sbwire.com,2020-01-20,+46 931 141 7882,Active,5,5,1
976,Hewitt,Marklund,hmarklundr3@stumbleupon.com,2020-02-20,+387 709 984 6102,Active,9,8,6
977,Tim,Lowis,tlowisr4@usgs.gov,2020-05-01,+1 994 871 6449,Active,5,2,7
978,Anthiathia,Ashburne,aashburner5@seesaa.net,2020-02-06,+48 796 539 0321,Not Active,10,2,10
979,Crosby,Lissett,clissettr6@4shared.com,2022-04-04,+502 317 216 1842,Active,10,2,2
980,Esma,Dulwitch,edulwitchr7@google.it,2022-12-22,+30 215 640 3235,Active,7,1,5
981,Brooks,Khadir,bkhadirr8@house.gov,2020-10-30,+54 780 412 5746,Active,6,2,4
982,Melany,Rappoport,mrappoportr9@berkeley.edu,2020-08-13,+86 696 979 5627,Not Active,5,8,9
983,Tedi,Kennifeck,tkennifeckra@google.co.jp,2020-12-25,+60 115 594 6666,Active,8,8,3
984,Kiri,Chester,kchesterrb@wunderground.com,2020-11-17,+420 615 151 0015,Not Active,9,3,4
985,Drusilla,Kusick,dkusickrc@yellowpages.com,2022-10-24,+62 891 838 0339,Not Active,9,6,5
986,Hillary,Deeth,hdeethrd@simplemachines.org,2021-06-18,+62 854 962 3426,Active,3,3,2
987,Vergil,Langridge,vlangridgere@instagram.com,2020-11-21,+57 430 663 5971,Active,7,6,2
988,Jay,Bartolozzi,jbartolozzirf@amazonaws.com,2021-12-14,+86 799 390 2972,Active,2,10,4
989,Misti,Grisenthwaite,mgrisenthwaiterg@pbs.org,2020-10-31,+86 831 211 9614,Active,2,10,8
990,Caitrin,Allender,callenderrh@cornell.edu,2022-08-29,+57 253 721 7251,Active,8,9,9
991,Drugi,Dilgarno,ddilgarnori@cmu.edu,2020-10-29,+55 282 451 4334,Active,2,6,8
992,Ana,Goldson,agoldsonrj@over-blog.com,2022-07-10,+62 674 694 6901,Active,5,5,8
993,Ivar,Elsip,ielsiprk@netlog.com,2021-03-02,+86 790 599 6909,Active,6,6,8
994,Ara,Casero,acaserorl@joomla.org,2021-05-09,+63 581 157 8296,Active,6,3,2
995,Doralynne,Pauncefort,dpauncefortrm@slideshare.net,2022-11-14,+63 774 153 0610,Active,3,8,9
996,Katharyn,Grishechkin,kgrishechkinrn@europa.eu,2021-06-24,+86 717 456 3573,Active,6,8,8
997,Woody,Grafton,wgraftonro@independent.co.uk,2021-06-10,+62 818 974 3016,Active,1,10,8
998,Warden,Arnoult,warnoultrp@wsj.com,2022-09-16,+593 721 377 1443,Active,9,2,2
999,Cecil,Sugar,csugarrq@noaa.gov,2022-07-31,+86 776 789 6074,Active,7,2,8
1000,Malchy,Datte,mdatterr@hatena.ne.jp,2020-03-05,+81 712 687 5124,Not Active,10,9,1
